URL,Terakhir di-crawl
https://dreamlab.id/e-floating-buttons/popup-website/,2026-06-12
https://www.dreamlab.id/e-floating-buttons/popup-website/,2026-06-12
https://dreamlab.id/blog/foot-care-produk-peluang-bisnis-maklon/,2026-06-12
https://www.dreamlab.id/blog/foot-care-produk-peluang-bisnis-maklon,2026-06-12
https://www.dreamlab.id/blog/foot-care-produk-peluang-bisnis-maklon/,2026-06-12
https://dreamlab.id/blog/pabrik-maklon-kosmetik-cpkb-grade-a/,2026-06-12
https://www.dreamlab.id/blog/pabrik-maklon-kosmetik-cpkb-grade-a,2026-06-12
https://www.dreamlab.id/blog/pabrik-maklon-kosmetik-cpkb-grade-a/,2026-06-12
https://www.dreamlab.id/$,2026-06-12
https://www.dreamlab.id/$/,2026-06-12
https://www.dreamlab.id/&,2026-06-12
https://www.dreamlab.id/&/,2026-06-12
https://dreamlab.id/blog/maklon-hair-care-kesalahan-pemula/,2026-06-12
https://www.dreamlab.id/blog/,2026-06-12
https://www.dreamlab.id/blog/maklon-hair-care-kesalahan-pemula,2026-06-12
https://www.dreamlab.id/blog/maklon-hair-care-kesalahan-pemula/,2026-06-12
https://dreamlab.id/?s=%7Bsearch_term_string%7D,2026-04-25
https://dreamlab.id/?s=%7Bsearch_term_string%7D,2026-04-17
https://dreamlab.id/post-sitemap.xml,2026-02-26
https://dreamlab.id/juaranyaformula/?action=googlesitekit_auth,2026-02-10
https://dreamlab.id/my-account/,2026-01-16
https://dreamlab.id/cart/,2026-01-16