url,slug,meta_title,meta_description,h1,canonical,word_count,images_count,hero_image_url
https://dreamlab.id/,/,Dreamlab | Maklon Kosmetik & Parfum BPOM Terbaik Indonesia,"One-Stop Maklon Kosmetik Bersertifikat BPOM, CPKB Grade A & Halal MUI di Surabaya. 500+ Brand Sudah Mempercayakan Formulasi & Produksinya pada Kami.",Jasa Maklon Kosmetik  & Skincare Terpercaya Indonesia,https://dreamlab.id/,741,163,https://dreamlab.id/wp-content/uploads/2025/06/acne-facial-toner.webp
https://dreamlab.id/career/,/career/,Dreamlab Lowongan Kerja Terbaru,Kami mencari talenta berbakat untuk bergabung. Lihat posisi terbuka dan mulai perjalanan karirmu di Dreamlab.,Career,https://dreamlab.id/career/,126,7,https://dreamlab.id/wp-content/uploads/2025/11/IMG_2554-scaled.jpg
https://dreamlab.id/about-us/alur-maklon/,/about-us/alur-maklon/,DREAMLAB | Proses Maklon Kosmetik & Skincare LengkapScrolling Banner #fe8c01 - Viga Font,"Lihat proses maklon kosmetik di Dreamlab ? mulai dari formulasi, legalitas BPOM, desain kemasan, hingga produksi bersertifikat Halal & CPKB.",,https://dreamlab.id/about-us/alur-maklon/,399,5,https://dreamlab.id/wp-content/uploads/2026/01/641.webp
https://dreamlab.id/about-us/,/about-us/,Dreamlab | Jasa Maklon Skincare & Parfum BPOM Indonesia,"Dreamlab adalah pabrik maklon kosmetik di Surabaya yang sudah dipercaya sejak 1989. Kami menyediakan One-Stop Maklon Service: konsultasi bisnis, formulasi custom oleh tim R&D, desain kemasan.",Tentang Dreamlab,https://dreamlab.id/about-us/,323,49,https://dreamlab.id/wp-content/uploads/2026/03/cropped-Logo-dreamlab-maklon-kosmetik-1.png
https://dreamlab.id/services/,/services/,DREAMLAB | Layanan Pabrik Kosmetik Private Label Terlengkap,"Jasa maklon kosmetik lengkap: skincare, body care, hair care, parfum, decorative, baby care, foot care, PKRT. BPOM, CPKB, Halal MUI.",Services,https://dreamlab.id/services/,260,104,https://dreamlab.id/wp-content/uploads/2025/06/acne-facial-toner.webp
https://dreamlab.id/baby-care/,/baby-care/,Dreamlab Maklon Baby Care Terlengkap MOQ Fleksibel,"Cari maklon baby care aman & halal? Dreamlab siap bantu formulasi, desain kemasan, legalitas BPOM & Halal, hingga produksi di pabrik CPKB",Maklon Baby Care BPOM & Halal,https://dreamlab.id/baby-care/,414,30,https://dreamlab.id/wp-content/uploads/2025/07/1.png
https://dreamlab.id/our-client/,/our-client/,DREAMLAB | Dipercaya 500++ Client Percaya produksi,Lihat brand-brand kosmetik & skincare yang sudah bekerja sama dengan Dreamlab.Jadi bagian dari mereka dan menjadi partner kami.,Our Client,https://dreamlab.id/our-client/,284,114,https://dreamlab.id/wp-content/uploads/2025/06/Bebiboster-300x300.webp
https://dreamlab.id/contact-us/,/contact-us/,DREAMLAB | Jasa Maklon Kosmetik Surabaya Jawa Timur,Konsultasi Gratis. Pabrik kosmetik Terlengkap Jawa Timur. Mulai brand kosmetik & skincare-mu sekarang. Wujudkan Bisinis Skincaremu Sekarang,Contact Us,https://dreamlab.id/contact-us/,237,10,https://dreamlab.id/wp-content/uploads/2025/04/communication_14907803.svg
https://dreamlab.id/decorative/,/decorative/,Maklon Kosmetik Dekoratif Terlengkap BPOM,"Dreamlab menyediakan maklon kosmetik dekoratif BPOM untuk lip cream matte, cushion glowing, foundation full coverage, lip tint,",Maklon Dekoratif Lengkap BPOM,https://dreamlab.id/decorative/,1369,22,https://dreamlab.id/wp-content/uploads/2025/06/Liquid-Highlighter.webp
https://dreamlab.id/foot-care/,/foot-care/,Dreamlab Maklon Perawatan Kaki BPOM Foot Cream,"Pabrik maklon footcare, foot cream, scrub, hingga produk perawatan kaki lainnya. Dreamlab bersertifikat CPKB, Halal & BPOM",Jasa Maklon Perawatan Kaki,https://dreamlab.id/foot-care/,482,35,https://dreamlab.id/wp-content/uploads/2025/06/foot-care-1.webp
https://dreamlab.id/news-blog/,/news-blog/,Dreamlab Maklon Kosmetik & Berita Kecantikan,"Maklon kosmetik untuk skincare, bodycare, haircare & parfum dengan sertifikasi BPOM dan halal, hasil premium berstandar pabrik.",News & Blog,https://dreamlab.id/news-blog/,830,46,https://dreamlab.id/wp-content/uploads/2025/10/FEED-DREAMLAB-12-1.jpg
https://dreamlab.id/thankyou-page/,/thankyou-page/,Thankyou Page - Dreamlab,,,https://dreamlab.id/thankyou-page/,33,0,https://dreamlab.id/wp-content/uploads/2026/04/cropped-Logo-Dreamlab-Maklon-Kosmetik-.png
https://dreamlab.id/cara-hitunghpp-produk-kosmeti/,/cara-hitunghpp-produk-kosmeti/,Cara Hitung HPP Produk Kosmetik Agar Profit Maksimal,"Pelajari cara hitung HPP produk kosmetik yang benar agar profit maksimal. Lengkap dengan rumus, simulasi tabel, dan tips memilih Dreamlab",Cara Hitung HPP Produk Kosmetik Agar Profit Maksimal,https://dreamlab.id/cara-hitunghpp-produk-kosmeti/,848,11,https://dreamlab.id/wp-content/uploads/2026/04/Cara-menentukan-hpp-kosmetik--1024x684.png
https://dreamlab.id/category/bisnis-kosmetik/,/category/bisnis-kosmetik/,Panduan Bisnis Kosmetik | Tren & Insight,"Temukan tren, tips, dan panduan bisnis kosmetik dari Dreamlab. Pelajari cara membangun brand skincare sukses dari ide hingga produksi",Bisnis Kosmetik,https://dreamlab.id/category/bisnis-kosmetik/,822,46,https://dreamlab.id/wp-content/uploads/2026/04/cropped-Logo-Dreamlab-Maklon-Kosmetik-.png
https://dreamlab.id/cara-membuat-deodorant-balm-custom/,/cara-membuat-deodorant-balm-custom/,Peluang Bisnis & Cara Membuat Deodorant Balm Custom,"Temukan peluang bisnis deodorant balm dengan custom formula. Pelajari keunggulan tekstur, jaminan BPOM, dan dukungan after sales eksklusif",Peluang Bisnis Deodorant Balm Anti Ribet,https://dreamlab.id/cara-membuat-deodorant-balm-custom/,1122,11,https://dreamlab.id/wp-content/uploads/2026/04/Buat-Brand-Deodorant_Balm.png
https://dreamlab.id/author/admin/,/author/admin/,Ide dan Tren Bisnis Kecantikan,"Baca artikel dan panduan bisnis kosmetik dari Dreamlab. Temukan insight, tren, dan strategi membangun brand skincare yang sukses",Posts by Dreamlab Maklon Kosmetik,https://dreamlab.id/author/admin/,832,46,https://secure.gravatar.com/avatar/947de14ff519f77295fcd34dd78fe7a851b7c41115e46f1295f00749d4a3a8dc?s=500&d=mm&r=g
https://dreamlab.id/perbedaan-oem-vs-odm/,/perbedaan-oem-vs-odm/,OEM vs ODM: Mana yang Cocok untuk Brand pemula,"Bingung pilih OEM atau ODM untuk brand kosmetikmu? Pelajari perbedaan, kelebihan, dan kekurangannya. mulai maklon di Dreamlab",OEM vs ODM Mana yang Lebih Cocok untuk Brand Skincare Pemula,https://dreamlab.id/perbedaan-oem-vs-odm/,783,11,https://dreamlab.id/wp-content/uploads/2026/04/oem-odm-maklon-kosmetik-.png
https://dreamlab.id/hair-care/,/hair-care/,Dreamlab Maklon Haircare Perawatan Rambut Terlengkap,"Dreamlab melayani maklon shampoo, conditioner, hair tonic, hair serum, hingga pomade. Bersertifikat Halal & CPKB dengan legalitas BPOM.",Maklon Hair Care Premium BPOM,https://dreamlab.id/hair-care/,863,11,https://dreamlab.id/wp-content/uploads/2025/06/hair-gel-scaled.webp
https://dreamlab.id/category/bisnis-skincare/,/category/bisnis-skincare/,Bisnis Skincare Archives - Dreamlab,,Bisnis Skincare,https://dreamlab.id/category/bisnis-skincare/,335,20,https://dreamlab.id/wp-content/uploads/2026/04/cropped-Logo-Dreamlab-Maklon-Kosmetik-.png
https://dreamlab.id/panduan-maklon-deodorant-bpom/,/panduan-maklon-deodorant-bpom/,Panduan membuat Deodorant BPOM & Proses Cepat,"Ingin punya brand deodorant sendiri? Dreamlab menyediakan jasa maklon deodorant dengan formulasi terbaik, izin BPOM, dan MOQ fleksibel.",Cara membuat deodoran BPOM yang diksukai konsumen,https://dreamlab.id/panduan-maklon-deodorant-bpom/,1070,10,https://dreamlab.id/wp-content/uploads/2026/04/Maklon-Deodoran-terbaik-BPOM-.png
https://dreamlab.id/skincare-face-care/,/skincare-face-care/,Dreamlab Jasa Maklon Skincare & Face Care Terpercaya,"Maklon facial cream terpercaya. Formula berkualitas + desain, legalitas BPOM & Halal. Wujudkan brand skincare-mu bersama Dreamlab.","Maklon Skincare
BPOM & Halal",https://dreamlab.id/skincare-face-care/,3051,34,https://dreamlab.id/wp-content/uploads/2025/06/Acne.webp
https://dreamlab.id/pkrt/,/pkrt/,Dreamlab Jasa Maklon PKRT Terbaik,"Jasa maklon PKRT BPOM untuk pembersih lantai, sabun cuci piring, deterjen, disinfectant, dan room spray. MOQ fleksibel Konsultasi gratis!",Jasa Maklon PKRT BPOM,https://dreamlab.id/pkrt/,293,8,https://dreamlab.id/wp-content/uploads/2025/06/hand-sanis-scaled.webp
https://dreamlab.id/body-care/,/body-care/,Dreamlab Maklon Body Care BPOM,"Ingin maklon body care? Dreamlab bantu dari formulasi, desain kemasan, hingga legalitas BPOM & Halal. Wujudkan produkmu!",Maklon Bodycare Premium BPOM,https://dreamlab.id/body-care/,1408,19,https://dreamlab.id/wp-content/uploads/2025/06/massage-oil-scaled.webp
https://dreamlab.id/parfum/,/parfum/,DREAMLAB | Maklon Parfum Custom & Private Label,"Dreamlab Adalah pabrik parfum extrait de parfum, body mist, cologne, hingga parfum refill. Produksi di pabrik Halal, CPKB, BPOM.",Jasa Maklon Parfum & Body Mist BPOM & HALAL Formula Eksklusif Anda,https://dreamlab.id/parfum/,800,9,https://dreamlab.id/wp-content/uploads/2025/06/body-mist-1.webp
https://dreamlab.id/category/tips-trick/,/category/tips-trick/,Tips Bisnis Skincare dari Nol Sampai Sukses,Temukan tips bisnis skincare yang terbukti efektif untuk bangun brand kosmetik sukses. Panduan lengkap dari Dreamlab untuk pemula,Tips & Trick,https://dreamlab.id/category/tips-trick/,691,36,https://dreamlab.id/wp-content/uploads/2026/04/cropped-Logo-Dreamlab-Maklon-Kosmetik-.png
https://dreamlab.id/category/maklon-personal-care/,/category/maklon-personal-care/,Maklon Personal Care Archives - Dreamlab,,Maklon Personal Care,https://dreamlab.id/category/maklon-personal-care/,112,8,https://dreamlab.id/wp-content/uploads/2026/04/cropped-Logo-Dreamlab-Maklon-Kosmetik-.png
https://dreamlab.id/jasa-maklon-lipstik-bpom-terpercaya/,/jasa-maklon-lipstik-bpom-terpercaya/,Maklon Lipstik BPOM MOQ Terjangkau & Formula Eksklusif,"Cek biaya maklon lipstik terbaru 2026. Dreamlab adalah partner strategis dengan formula eksklusif (1 client 1 formula), izin BPOM,",Maklon Brand Lipstik BPOM dengan MOQ Rendah,https://dreamlab.id/jasa-maklon-lipstik-bpom-terpercaya/,1009,11,https://dreamlab.id/wp-content/uploads/2026/03/Membuat-brand-lipcare-sendiri.png
https://dreamlab.id/category/maklon-baby-care/,/category/maklon-baby-care/,Maklon Baby Care Archives - Dreamlab,,Maklon Baby Care,https://dreamlab.id/category/maklon-baby-care/,115,8,https://dreamlab.id/wp-content/uploads/2026/04/cropped-Logo-Dreamlab-Maklon-Kosmetik-.png
https://dreamlab.id/peluang-bisnis-skincare-irt/,/peluang-bisnis-skincare-irt/,Peluang Bisnis Skincare Ibu Rumah Tangga: Modal Kecil,"Mau punya brand skincare atau baby care sendiri? Peluang bisnis skincare ibu rumah tangga Free BPOM, formulasi custom & biaya fleksibel!",Peluang Bisnis Skincare Ibu Rumah Tangga dengan Modal Kecil,https://dreamlab.id/peluang-bisnis-skincare-irt/,647,11,https://dreamlab.id/wp-content/uploads/2026/04/Buat-brand-produk-bayi.png
https://dreamlab.id/maklon-kosmetik-kediri/,/maklon-kosmetik-kediri/,Maklon Kosmetik Kediri: Cara Mudah Bikin Brand Sendiri,Mau punya brand skincare sendiri di Kediri? Dreamlab bantu proses maklon kosmetik dari nol. Free formulasi bahan aktif,Maklon Kosmetik Kediri  Bikin Produkmu Makin Mudah,https://dreamlab.id/maklon-kosmetik-kediri/,771,11,https://dreamlab.id/wp-content/uploads/2026/04/Pebrik-skincare-kediri_Dreamlab-Maklon-Kosmetik-.png
https://dreamlab.id/category/maklon-haircare/,/category/maklon-haircare/,Maklon Haircare pabrik Perawatan Rambut,"Dreamlab adalah pabrik maklon haircare terpercaya yang melayani pembuatan shampoo, conditioner, dan hair serum dengan legalitas BPOM & sertifikasi Halal",Maklon Haircare,https://dreamlab.id/category/maklon-haircare/,447,26,https://dreamlab.id/wp-content/uploads/2026/04/cropped-Logo-Dreamlab-Maklon-Kosmetik-.png
https://dreamlab.id/penyebab-ingrown-hair/,/penyebab-ingrown-hair/,Ingrown Hair Penyebab & Rekomendasi Produk,"Kenali penyebab ingrown hair dan peluang bisnisnya. Dreamlab tawarkan maklon formula eksklusif (1 client 1 formula), izin BPOM",Ingrown Hair Penyebab dan Rekomendasi Produk untuk Mengatasinya,https://dreamlab.id/penyebab-ingrown-hair/,1048,14,https://dreamlab.id/wp-content/uploads/2026/03/Ingrown-Hair-Penyebab-dan-Rekomendasi-Produk-untuk-Mengatasinya.png
https://dreamlab.id/category/maklon-skincare/,/category/maklon-skincare/,Maklon Skincare Terbaik di Indonesia,"Dreamlab menyediakan layanan maklon skincare premium dengan formulasi aman, kualitas tinggi, dan proses produksi cepat untuk brand kosmetikmu",Maklon Skincare,https://dreamlab.id/category/maklon-skincare/,811,46,https://dreamlab.id/wp-content/uploads/2026/04/cropped-Logo-Dreamlab-Maklon-Kosmetik-.png
https://dreamlab.id/jasa-maklon-bar-soap-merek-sendiri/,/jasa-maklon-bar-soap-merek-sendiri/,Buat Bar Soap Merek Sendiri BPOM & MOQ Rendah,"Pelajari faktor biaya buat bar soap merek sendiri di Dreamlab. Biaya dipengaruhi oleh formulasi, pengemasan, MOQ, dan legalitas BPOM.",Jasa Maklon Bar Soap BPOM MOQ Fleksibel,https://dreamlab.id/jasa-maklon-bar-soap-merek-sendiri/,764,10,https://dreamlab.id/wp-content/uploads/2026/03/Jasa-Maklon-Bar-soap.png
https://dreamlab.id/category/maklon-bodycare/,/category/maklon-bodycare/,Maklon Bodycare Terbaik untuk Brand Kecantikanmu,"Dreamlab menyediakan layanan maklon bodycare lengkap untuk brand kosmetikmu. Produksi cepat, kualitas premium, dan MOQ fleksibel",Maklon Bodycare,https://dreamlab.id/category/maklon-bodycare/,494,28,https://dreamlab.id/wp-content/uploads/2026/04/cropped-Logo-Dreamlab-Maklon-Kosmetik-.png
https://dreamlab.id/category/dreamlabpedia/,/category/dreamlabpedia/,Bangun Bisnis Skincare Sendiri Bareng Dreamlab,"Bangun bisnis skincare impianmu bersama Dreamlab. Dari formulasi hingga produksi, semua dibuat mudah dan profesional. wujudkan brandmu sekarang",Dreamlab Pedia,https://dreamlab.id/category/dreamlabpedia/,799,44,https://dreamlab.id/wp-content/uploads/2026/04/cropped-Logo-Dreamlab-Maklon-Kosmetik-.png
https://dreamlab.id/lulur-vs-hb-dosting/,/lulur-vs-hb-dosting/,Perbedaan Lulur vs HB Dosting Mana Lebih Efektif,Perbandingan Lulur vs HB Dosting untuk mencerahkan kulit. Dreamlab adalah maklon kosmetik yang siap bantu buat brand body care BPOM,Lulur vs HB Dosting Mana yang Lebih Cepat Mencerahkan Kulit?,https://dreamlab.id/lulur-vs-hb-dosting/,898,11,https://dreamlab.id/wp-content/uploads/2026/03/Perbedaan-Lulur-HB-Dosting-.png
https://dreamlab.id/asa-maklon-antiperspirant-terpercaya/,/asa-maklon-antiperspirant-terpercaya/,Jasa Maklon Antiperspirant BPOM & MOQ FLeksibel,Dreamlab adalah maklon antiperspirant dengan layanan satu pintu. Buat brand sendiri dengan formula terbaru.,Buat Brand Antiperspirant Sendiri dengan Custom Furmula,https://dreamlab.id/asa-maklon-antiperspirant-terpercaya/,699,11,https://dreamlab.id/wp-content/uploads/2026/03/Membuat-brand-antiperspirant-dengan-merek-sendiri-.png
https://dreamlab.id/pabrik-shampoo-merek-sendiri/,/pabrik-shampoo-merek-sendiri/,Pabrik Shampoo Untuk Merek Sendiri | MOQ Rendah,Proses produksi massal di pabrik shampoo untuk merek sendiri Dreamlab Indonesia. Dengan Biaya Murah dan MOQ Fleksibel.,Pabrik Shampoo untuk Merek Sendiri Dengan Mudah,https://dreamlab.id/pabrik-shampoo-merek-sendiri/,755,11,https://dreamlab.id/wp-content/uploads/2026/03/Pabrik-shampoo-untuk-merek-sendiri-1-1.png
https://dreamlab.id/pabrik-parfum-jakarta/,/pabrik-parfum-jakarta/,Pabrik Parfum Jakarta Terpercaya Produksi Cepat,Pabrik parfum Jakarta dengan layanan maklon lengkap untuk brand parfum. Produksi cepat. Mulai brand parfummu sekarang!,Pabrik Parfum Jakarta Solusi Brand Parfummu,https://dreamlab.id/pabrik-parfum-jakarta/,683,11,https://dreamlab.id/wp-content/uploads/2025/11/19233-1.jpg
https://dreamlab.id/perusahaan-maklon-kosmetik/,/perusahaan-maklon-kosmetik/,Perusahaan Maklon Kosmetik Terpercaya Indonesia,Cari perusahaan maklon kosmetik terpercaya? Dreamlab bantu Anda buat brand skincare & body care lengkap dengan BPOM dan legalitas.,Perusahaan Maklon Kosmetik Terpercaya untuk Brand Anda,https://dreamlab.id/perusahaan-maklon-kosmetik/,1095,11,https://dreamlab.id/wp-content/uploads/2026/03/pabrik-skincare-.png
https://dreamlab.id/cara-membuat-lulur-ampas-kopi/,/cara-membuat-lulur-ampas-kopi/,Cara Membuat Lulur Ampas Kopi untuk Kulit Halus,Temukan manfaat lulur ampas kopi untuk mencerahkan kulit & menyamarkan selulit. Pelajari cara buat DIY & peluang bisnis maklon lulur,Cara Membuat Lulur Ampas Kopi dan Manfaatnya untuk Kulit,https://dreamlab.id/cara-membuat-lulur-ampas-kopi/,698,11,https://dreamlab.id/wp-content/uploads/2026/03/manfaat-lulur-ampas-kopi.png
https://dreamlab.id/bahan-aktif-skincare-jerawat/,/bahan-aktif-skincare-jerawat/,Bahan Aktif Skincare yang Ampuh untuk Jerawat,"Temukan bahan aktif skincare yang ampuh untuk jerawat agar kulit bersih, sehat, dan bebas dari masalah jerawat membandel.",5 Ingredient Aktif Terbaik untuk Wajah Berjerawat dari Dreamlab,https://dreamlab.id/bahan-aktif-skincare-jerawat/,945,11,https://dreamlab.id/wp-content/uploads/2025/10/close-up-skin-pores-face-care-routine-scaled.jpg
https://dreamlab.id/news-blog/page/2/,/news-blog/page/2/,Dreamlab Maklon Kosmetik & Berita Kecantikan,"Maklon kosmetik untuk skincare, bodycare, haircare & parfum dengan sertifikasi BPOM dan halal, hasil premium berstandar pabrik.",News & Blog,https://dreamlab.id/news-blog/page/2/,850,46,https://dreamlab.id/wp-content/uploads/2025/10/FEED-DREAMLAB-12-1.jpg
https://dreamlab.id/news-blog/page/3/,/news-blog/page/3/,Dreamlab Maklon Kosmetik & Berita Kecantikan,"Maklon kosmetik untuk skincare, bodycare, haircare & parfum dengan sertifikasi BPOM dan halal, hasil premium berstandar pabrik.",News & Blog,https://dreamlab.id/news-blog/page/3/,829,46,https://dreamlab.id/wp-content/uploads/2025/10/FEED-DREAMLAB-12-1.jpg
https://dreamlab.id/news-blog/page/8/,/news-blog/page/8/,Dreamlab Maklon Kosmetik & Berita Kecantikan,"Maklon kosmetik untuk skincare, bodycare, haircare & parfum dengan sertifikasi BPOM dan halal, hasil premium berstandar pabrik.",News & Blog,https://dreamlab.id/news-blog/page/8/,716,42,https://dreamlab.id/wp-content/uploads/2025/10/FEED-DREAMLAB-12-1.jpg
https://dreamlab.id/bisnis-skincare-glow-glasskin-cystamine/,/bisnis-skincare-glow-glasskin-cystamine/,Bisnis Skincare Glow Glasskin Promo 600 PCS Free BPM,"Bangun bisnis skincare Glow Glasskin setara efek hydroquinone dengan formula Cystamine yang aman & BPOM. Promo Desember mulai 19,5 Juta",Inovasi Bisnis Skincare Glow Glasskin Setara Efek Hydroquinone,https://dreamlab.id/bisnis-skincare-glow-glasskin-cystamine/,437,12,https://dreamlab.id/wp-content/uploads/2025/12/Sampul-WEB-1.webp
https://dreamlab.id/maklon-kosmetik-tangerang-terpercaya/,/maklon-kosmetik-tangerang-terpercaya/,Maklon Kosmetik Tangerang: Solusi Produksi Kosmetik Terpercaya,"Cari jasa maklon kosmetik Tangerang terpercaya? Dreamlab hadir dengan Low MOQ custom formula, BPOM, Halal & CPKB Grade A. Cek di sini!",Maklon Kosmetik Tangerang: Solusi Produksi Kosmetik Terpercaya,https://dreamlab.id/maklon-kosmetik-tangerang-terpercaya/,597,10,https://dreamlab.id/wp-content/uploads/2026/01/641.webp
https://dreamlab.id/jasa-maklon-kosmetik-bandung/,/jasa-maklon-kosmetik-bandung/,Jasa Maklon Kosmetik Bandung | Sistem Fleksibel & Low MOQ,"Mencari jasa maklon kosmetik Bandung terbaik? Dreamlab hadir dengan sistem maklon fleksibel, low MOQ, dan custom formula eksklusif.",Jasa Maklon Kosmetik Bandung Low MOQ Untuk Pemula,https://dreamlab.id/jasa-maklon-kosmetik-bandung/,680,11,https://dreamlab.id/wp-content/uploads/2026/01/93111-1.webp
https://dreamlab.id/pabrik-maklon-kosmetik-sidoarjo-dreamlab/,/pabrik-maklon-kosmetik-sidoarjo-dreamlab/,Pabrik Maklon Kosmetik Sidoarjo Terlengkap & Berlegalitas,"Ingin buat brand skincare atau parfum? Dreamlab adalah pabrik maklon kosmetik Sidoarjo terlengkap. Layanan custom formula, BPOM",Pabrik Maklon Kosmetik Sidoarjo Bangun Brand Viral,https://dreamlab.id/pabrik-maklon-kosmetik-sidoarjo-dreamlab/,501,11,https://dreamlab.id/wp-content/uploads/2026/01/2148978192-1-1.webp
https://dreamlab.id/author/admin/page/2/,/author/admin/page/2/,Ide dan Tren Bisnis Kecantikan,"Baca artikel dan panduan bisnis kosmetik dari Dreamlab. Temukan insight, tren, dan strategi membangun brand skincare yang sukses",Posts by Dreamlab Maklon Kosmetik,https://dreamlab.id/author/admin/page/2/,852,46,https://secure.gravatar.com/avatar/947de14ff519f77295fcd34dd78fe7a851b7c41115e46f1295f00749d4a3a8dc?s=500&d=mm&r=g
https://dreamlab.id/author/admin/page/3/,/author/admin/page/3/,Ide dan Tren Bisnis Kecantikan,"Baca artikel dan panduan bisnis kosmetik dari Dreamlab. Temukan insight, tren, dan strategi membangun brand skincare yang sukses",Posts by Dreamlab Maklon Kosmetik,https://dreamlab.id/author/admin/page/3/,831,46,https://secure.gravatar.com/avatar/947de14ff519f77295fcd34dd78fe7a851b7c41115e46f1295f00749d4a3a8dc?s=500&d=mm&r=g
https://dreamlab.id/urutan-pabrik-skincare-terbaik-indonesia/,/urutan-pabrik-skincare-terbaik-indonesia/,Urutan Pabrik Skincare Terbaik di Indonesia 2026 | Maklon No. 1,Cari pabrik maklon kosmetik terbaik? Inilah urutan 5 pabrik skincare di Indonesia. Temukan mengapa PT Karya Impian Laboratoris (DREAMLAB),Urutan Pabrik Skincare Terbaik di Indonesia Update 2026,https://dreamlab.id/urutan-pabrik-skincare-terbaik-indonesia/,832,11,https://dreamlab.id/wp-content/uploads/2026/01/2065-1.jpg
https://dreamlab.id/maklon-moisturizer-bpom-dreamlab/,/maklon-moisturizer-bpom-dreamlab/,DreamlabJasa Maklon Terbaik Moisturizer BPOM MOQ Fleksibel,"Ingin punya brand skincare sendiri? Pelajari apa itu maklon moisturizer, inovasi terbaru, hingga biaya MOQ fleksibel",Tempat Produksi Moisturizer BPOM Solusi Brand Impianmu,https://dreamlab.id/maklon-moisturizer-bpom-dreamlab/,621,11,https://dreamlab.id/wp-content/uploads/2025/12/473319-1.webp
https://dreamlab.id/formulasi-witch-hazel/,/formulasi-witch-hazel/,Buat Produk Viral dengan Bahan Aktif Witch Hazel,Formulasi Witch Hazel untuk kulit berminyak adalah salah satu kombinasi terbaik untuk menciptakan produk skincare vira disukai konsumen.,Bikin Produk Viral Formulasi Witch Hazel untuk Kulit Berminyak,https://dreamlab.id/formulasi-witch-hazel/,694,11,https://dreamlab.id/wp-content/uploads/2025/11/108814-1.jpg
https://dreamlab.id/flywheel-marketing-brand-skincare/,/flywheel-marketing-brand-skincare/,Strategy Flywheel Marketing untuk Brand Skincare,Flywheel Marketing adalah kunci pertumbuhan brand skincare. Dreamlab bantu kamu membuat produk yang market fit,Strategy Flywheel Marketing untuk Brand Skincare,https://dreamlab.id/flywheel-marketing-brand-skincare/,789,11,https://dreamlab.id/wp-content/uploads/2025/11/132577-1.jpg
https://dreamlab.id/cara-menentukan-harga-jual-produk-kosmetik/,/cara-menentukan-harga-jual-produk-kosmetik/,Cara Menentukan Harga Jual Skincare | Lengkap + Simulasi,"Cara menentukan harga jual produk kosmetik dengan tepat, lengkap dengan COGS, HPP, dan simulasi harga maklon skincare.",Cara Menentukan Harga Jual Produk Kosmetik,https://dreamlab.id/cara-menentukan-harga-jual-produk-kosmetik/,1013,11,https://dreamlab.id/wp-content/uploads/2025/11/2149230962-1.jpg
https://dreamlab.id/author/admin/page/8/,/author/admin/page/8/,Ide dan Tren Bisnis Kecantikan,"Baca artikel dan panduan bisnis kosmetik dari Dreamlab. Temukan insight, tren, dan strategi membangun brand skincare yang sukses",Posts by Dreamlab Maklon Kosmetik,https://dreamlab.id/author/admin/page/8/,718,42,https://secure.gravatar.com/avatar/947de14ff519f77295fcd34dd78fe7a851b7c41115e46f1295f00749d4a3a8dc?s=500&d=mm&r=g
https://dreamlab.id/ide-bisnis-kosmetik-2026/,/ide-bisnis-kosmetik-2026/,5 Rekomendasi Ide Bisnis Kosmetik yang Menjanjikan,"Temukan 5 ide bisnis kosmetik paling menjanjikan di 2026! Pelajari cara menentukan margin, membangun brand.",Temukan 5 Rekomendasi Ide Bisnis Produk Kosmetik yang Menjanjikan,https://dreamlab.id/ide-bisnis-kosmetik-2026/,1531,11,https://dreamlab.id/wp-content/uploads/2025/10/close-up-beauty-blogger-talking-about-cosmetic-products-isolated-scaled.jpg
https://dreamlab.id/cara-membuka-offline-store-kosmetik-2026/,/cara-membuka-offline-store-kosmetik-2026/,Cara Sukses Membuka Offline Store Kosmetik 2026,"Pelajari langkah, modal, dan tips sukses membangun brand sendiri lewat maklon kosmetik Dreamlab Indonesia.",Cara Sukses Membangun Offline Store Kosmetik 2026,https://dreamlab.id/cara-membuka-offline-store-kosmetik-2026/,1750,10,https://dreamlab.id/wp-content/uploads/2025/10/photo-inside-empty-makeup-shop-photography-ai-generated-scaled.jpg
https://dreamlab.id/rebranding-produk-kosmetik/,/rebranding-produk-kosmetik/,Strategi Rebranding Kosmetik Lama 2025,Strategi menghidupkan kembali brand lama agar relevan dengan tren dan konsumen modern melalui inovasi formula Dreamlab.,Rebranding Kosmetik Lama Jadi Relevan Lagi di 2025,https://dreamlab.id/rebranding-produk-kosmetik/,1173,11,https://dreamlab.id/wp-content/uploads/2025/10/adult-reusing-materials-creative-ways-scaled.jpg
https://dreamlab.id/komunitas-beauty-genz/,/komunitas-beauty-genz/,Brand Kosmetik Strategi Bangun Loyalitas Gen Z,"Pelajari strategi membangun komunitas pelanggan setia di kalangan Gen Z melalui pengalaman, value, dan kolaborasi produk.",Komunitas Beauty: Strategi Loyalitas Gen Z,https://dreamlab.id/komunitas-beauty-genz/,778,11,https://dreamlab.id/wp-content/uploads/2025/10/close-up-view-cosmetic-bottles-jars-containers-sprays-white-wooden-background-beauty-concept-with-copy-space-scaled.jpg
https://dreamlab.id/8-tren-kecantikan-2026-smart-formula/,/8-tren-kecantikan-2026-smart-formula/,8 Tren Kecantikan 202 Inovasi Smart Formula,"Pelajari 8 tren global kecantikan 2026 dari ADA Cosmetics. Wujudkan brand inovatif dengan Smart Formula, BPOM",Tren Skincare 2026 ?Smart Formula? Akan Mendominasi Pasar Kosmetik Indonesia,https://dreamlab.id/8-tren-kecantikan-2026-smart-formula/,639,10,https://dreamlab.id/wp-content/uploads/2025/12/35842-1.webp
https://dreamlab.id/tren-aroma-parfum-2026-terbaru/,/tren-aroma-parfum-2026-terbaru/,Tren Aroma Parfum 2026: Gourmand 2.0 & Wewangian Fungsional,Pelajari tren aroma parfum 2026 dari B Futurist. Dari Gourmand 2.0 hingga Neuro-Scent. Maklon mudah di Dreamlab dengan MOQ rendah,Tren Aroma Parfum 2026 Yang Akan Viral,https://dreamlab.id/tren-aroma-parfum-2026-terbaru/,665,11,https://dreamlab.id/wp-content/uploads/2025/12/5495-1.webp
https://dreamlab.id/cara-bangun-brand-deodoran-sendiri/,/cara-bangun-brand-deodoran-sendiri/,Bangun Brand Deodoran Sendiri Bersama Dreamlab,"Ingin punya brand deodoran sendiri? Ini panduan lengkap bahan aktif terbaik, tren pasar 2025 dan tips bikin produk laris!",Cara Bangun Brand Deodoran Sendiri dengan Bahan Aktif Tepat,https://dreamlab.id/cara-bangun-brand-deodoran-sendiri/,466,11,https://dreamlab.id/wp-content/uploads/2025/08/24075-scaled.jpg
https://dreamlab.id/bisnis-kosmetik-dari-nol/,/bisnis-kosmetik-dari-nol/,Panduan Lengkap Bisnis Kosmetik,Ingin mulai bisnis kosmetik dari nol? Dreamlab bantu kamu wujudkan brand skincare sendiri dengan proses mudah dan hasil berkualitas,Bisnis Kosmetik dari Nol,https://dreamlab.id/bisnis-kosmetik-dari-nol/,964,10,https://dreamlab.id/wp-content/uploads/2025/03/Artikel-1.webp
https://dreamlab.id/category/bisnis-kosmetik/page/2/,/category/bisnis-kosmetik/page/2/,Panduan Bisnis Kosmetik | Tren & Insight,"Temukan tren, tips, dan panduan bisnis kosmetik dari Dreamlab. Pelajari cara membangun brand skincare sukses dari ide hingga produksi",Bisnis Kosmetik,https://dreamlab.id/category/bisnis-kosmetik/page/2/,801,45,https://dreamlab.id/wp-content/uploads/2026/04/cropped-Logo-Dreamlab-Maklon-Kosmetik-.png
https://dreamlab.id/perbedaan-moisturizer-gel-vs-cream/,/perbedaan-moisturizer-gel-vs-cream/,Perbedaan moisturizer Gel vs Cream | Mana yang Lebih Cocok?,"Ketahui perbedaan moisturizer gel vs cream, kelebihan masing-masing, dan cara memilih yang tepat untuk jenis kulitmu.",Perbedaan Moisturizer Cream dan Moisturizer Gel?,https://dreamlab.id/perbedaan-moisturizer-gel-vs-cream/,675,11,https://dreamlab.id/wp-content/uploads/2025/11/23553351-1.jpg
https://dreamlab.id/jenis-packaging-box-parfum/,/jenis-packaging-box-parfum/,Packaging Box Parfum Paling Bagus & Tren Mewah 2026,Mau brand parfummu terlihat premium? Intip jenis packaging box parfum paling bagus di 2026. Dari Hardbox mewah hingga finishing emas.,Jenis Packaging Box Parfum Paling Bagus 2026 Bikin Brandmu Terlihat Mewah!,https://dreamlab.id/jenis-packaging-box-parfum/,644,15,https://dreamlab.id/wp-content/uploads/2026/02/Dreamlab-pilihan-packaging-parfum.png
https://dreamlab.id/pabrik-skincare-maklon/,/pabrik-skincare-maklon/,Bisnis Skincare Gratis Konsultasi & After-Sales Support,Dreamlab bantu kamu dari konsep hingga produk siap jual. Cek layanan maklon skincare lengkap & konsultasi gratisnya!,Pabrik Skincare Solusi Bisnis Kosmetik yang Praktis,https://dreamlab.id/pabrik-skincare-maklon/,653,11,https://dreamlab.id/wp-content/uploads/2025/11/woman-uniform-controlling-machinery-scaled.jpg
https://dreamlab.id/perbedaan-edp-edt/,/perbedaan-edp-edt/,Perbedaan edp dan edt: panduan lengkap,"Memahami perbedaan edp dan edt membantu dalam memilih parfum yang sesuai. EDP lebih tahan lama dan kaya, sementara EDT lebih segar",Perbedaan EDP dan EDT Penjelasan Lengkap,https://dreamlab.id/perbedaan-edp-edt/,625,11,https://dreamlab.id/wp-content/uploads/2025/12/2150872021-1.jpg
https://dreamlab.id/bisnis-parfum-merk-sendiri/,/bisnis-parfum-merk-sendiri/,Strategy Bisnis Parfum Sendiri | Modal Untuk Pemula,"Mulai bisnis parfum merk sendiri dengan maklon parfum Dreamlab mulai 19 juta. Free BPOM & kualitas terjamin, cocok untuk brand pemula.",2 Cara Bisnis Parfum Merk Sendiri Strategi dan Cara Suksesnya,https://dreamlab.id/bisnis-parfum-merk-sendiri/,831,12,https://dreamlab.id/wp-content/uploads/2025/11/2149230962.jpg
https://dreamlab.id/potensi-bisnis-babycare/,/potensi-bisnis-babycare/,Potensi Bisnis Babycare di 2026,"Babycare kini bukan hanya soal kelembutan. Formulasi aman, tanpa paraben, dan transparansi bahan menjadi standar.",Babycare Masa Kini: Antara Sentuhan Lembut dan Ilmu Pengetahuan,https://dreamlab.id/potensi-bisnis-babycare/,401,9,https://dreamlab.id/wp-content/uploads/2025/07/toilet-bag-with-products-assortment-scaled.jpg
https://dreamlab.id/manfaat-hair-tonic-ginseng-rambut/,/manfaat-hair-tonic-ginseng-rambut/,5 Manfaat Hair Tonic Ginseng untuk Rambut Rontok,Temukan 5 manfaat hair tonic ginseng untuk rambut rontok & penumbuhan rambut. Pelajari cara pakai yang benar,5 Manfaat Hair Tonic Ginseng untuk Kesehatan Rambut,https://dreamlab.id/manfaat-hair-tonic-ginseng-rambut/,851,11,https://dreamlab.id/wp-content/uploads/2026/03/5-Manfaat-Hair-Tonic-Ginseng-untuk-Rambut-.jpg
https://dreamlab.id/maklon-shampoo-psoriasis-formula-juara/,/maklon-shampoo-psoriasis-formula-juara/,Maklon Sampo Psoriasis Formula Juara BPOM & Halal,Ingin punya brand sampo psoriasis sendiri? Dreamlab sediakan maklon sampo formula juara kualitas dunia (dupe brand global). Proses mudah,Buat Shampoo Psoriasis dengan Formula Juara untuk Brandmu,https://dreamlab.id/maklon-shampoo-psoriasis-formula-juara/,826,11,https://dreamlab.id/wp-content/uploads/2025/12/7248-1.webp
https://dreamlab.id/category/bisnis-kosmetik/page/3/,/category/bisnis-kosmetik/page/3/,Panduan Bisnis Kosmetik | Tren & Insight,"Temukan tren, tips, dan panduan bisnis kosmetik dari Dreamlab. Pelajari cara membangun brand skincare sukses dari ide hingga produksi",Bisnis Kosmetik,https://dreamlab.id/category/bisnis-kosmetik/page/3/,423,26,https://dreamlab.id/wp-content/uploads/2026/04/cropped-Logo-Dreamlab-Maklon-Kosmetik-.png
https://dreamlab.id/melembutkan-kulit-bersisik/,/melembutkan-kulit-bersisik/,5 Cara Melembutkan Kulit Wajah Bersisik | Dreamlab Maklon,Temukan 5 cara melembutkan kulit wajah bersisik dan kering. Ciptakan brand skincare premium kamu sekarang!,5 Cara Melembutkan Kulit Wajah yang Bersisik,https://dreamlab.id/melembutkan-kulit-bersisik/,910,13,https://dreamlab.id/wp-content/uploads/2025/10/close-up-woman-with-acne-problem-looking-mirror-scaled.jpg
https://dreamlab.id/inovasi-maklon-haircare-2026/,/inovasi-maklon-haircare-2026/,Inovasi Maklon Haircare: Tren Produk 2026 & MOQ Terjangkau,Pelajari inovasi produk haircare masa depan bersama Dreamlab. Dapatkan layanan jasa maklon haircare BPOM dengan MOQ kompetitif,3 Inovasi Produk Haircare yang Disukai Market Peluang Bisnis 2026,https://dreamlab.id/inovasi-maklon-haircare-2026/,797,11,https://dreamlab.id/wp-content/uploads/2025/12/2149345804-1.webp
https://dreamlab.id/memunculkan-keranjang-reels/,/memunculkan-keranjang-reels/,Cara Memunculkan Keranjang di Reels Instagram Terbaru,Pelajari cara mudah memunculkan keranjang di video Reels Instagram 2025. Panduan praktis dengan tips jualan efektif untuk brand dan UMKM.,Cara Memunculkan Keranjang di Video Reels Instagram,https://dreamlab.id/memunculkan-keranjang-reels/,752,9,https://dreamlab.id/wp-content/uploads/2025/10/Screenshot-2025-10-28-at-14.52.18.png
https://dreamlab.id/maklon-hairmist/,/maklon-hairmist/,Maklon Hair Mist Solusi Efisien untuk Brand Haircare,"Dreamlab menawarkan layanan lengkap untuk maklon HAIR mist, haircare,jasa maklon haircare yang memudahkan brand mencapai Target",Solusi Maklon Hair Mist Terpercaya,https://dreamlab.id/maklon-hairmist/,1536,12,https://dreamlab.id/wp-content/uploads/2025/11/7050-2.jpg
https://dreamlab.id/maklon-skincare-jawa-timur-dreamlab/,/maklon-skincare-jawa-timur-dreamlab/,Maklon Skincare Terbaik di Jawa Timur,Ingin memulai bisnis skincare di Jawa Timur? Dreamlab siap bantu mulai dari formulasi hingga produk jadi. Wujudkan Produk Impianmu.,Jasa Maklon Kosmetik Jawa Timur Terpercaya,https://dreamlab.id/maklon-skincare-jawa-timur-dreamlab/,1078,11,https://dreamlab.id/wp-content/uploads/2025/09/transparent-plastic-bottles-filled-with-yellow-substance-scaled.jpg
https://dreamlab.id/produk-haircare-yang-sedang-tren/,/produk-haircare-yang-sedang-tren/,Produk Haircare yang Sedang Tren & Paling Laku,"Produk haircare yang sedang tren: shampoo anti-rontok, scalp serum, hair mist, hingga hybrid haircare. Cari tahu tren dan buat produknya",Maklon Haircare Potensi Besar Wujudkan Brand Perawatan Rambutmu,https://dreamlab.id/produk-haircare-yang-sedang-tren/,873,11,https://dreamlab.id/wp-content/uploads/2025/11/2152001451-1.jpg
https://dreamlab.id/cara-menghilangkan-ketombe/,/cara-menghilangkan-ketombe/,Cara Menghilangkan Ketombe Cepat & Tuntas,"Cara menghilangkan ketombe cepat: kenali jenis, langkah perawatan, dan produk efektif. Coba maklon haircare anti-ketombe di Dreamlab.","Rambut Bebas Ketombe, Gatal, dan Flaky dalam Waktu Singkat.",https://dreamlab.id/cara-menghilangkan-ketombe/,785,11,https://dreamlab.id/wp-content/uploads/2025/10/parting-womens-hair-head-hair-care-care-scaled.jpg
https://dreamlab.id/waterless-beauty-2025/,/waterless-beauty-2025/,Waterless Beauty & Solid Skincare: Inovasi Ramah Lingkungan,Industri kecantikan global sedang menghadapi dua tantangan besar: krisis air dan perubahan iklim.,Waterless Beauty & Solid Skincare: Inovasi Ramah Lingkungan 2025,https://dreamlab.id/waterless-beauty-2025/,1111,11,https://dreamlab.id/wp-content/uploads/2025/10/organic-cosmetic-product-with-dreamy-aesthetic-fresh-background-1-1-scaled.jpg
https://dreamlab.id/cara-meracik-handbody-pemutih-alami/,/cara-meracik-handbody-pemutih-alami/,Cara Meracik Handbody Pemutih Kulit Bahan Alami & Tips Bisnis,Pelajari cara meracik handbody pemutih kulit menggunakan bahan alami. Pelajari juga cara membangun brand skincare sendiri,Cara Meracik Handbody Pemutih Kulit Menggunakan Bahan Alami,https://dreamlab.id/cara-meracik-handbody-pemutih-alami/,842,10,https://dreamlab.id/wp-content/uploads/2026/03/Cara-membuat-lotion-pemutih.jpg
https://dreamlab.id/cara-personal-banding/,/cara-personal-banding/,Pentingnya Personal Branding dalam Industri Kosmetik,Pentingnya Personal Branding dalam Industri Kosmetik. Tips Untuk Brand Owner.,Tips Membangun Konten Personal Branding Untuk Brand Owner,https://dreamlab.id/cara-personal-banding/,1443,11,https://dreamlab.id/wp-content/uploads/2025/09/portrait-beautiful-young-asian-woman-reviews-uses-cosmetics-sofa-scaled.jpg
https://dreamlab.id/cara-membuat-hb-dosting-sendiri/,/cara-membuat-hb-dosting-sendiri/,Membuat HB Dosting BPOM Sendiri untuk Bisnis Pemula,Simak cara membuat HB Dosting sendiri dengan modal terjangkau & MOQ fleksibel di Dreamlab. Legal BPOM & Halal. Konsultasi GRATIS sekarang!,Cara Muda Membuat HB Dosting Sendiri untuk Bisnis Skincare,https://dreamlab.id/cara-membuat-hb-dosting-sendiri/,832,10,https://dreamlab.id/wp-content/uploads/2026/03/Cara-membuat-HB-Dosting-sendiri-untuk-bisnis-pemula.jpg
https://dreamlab.id/maklon-jakarta-terbaik/,/maklon-jakarta-terbaik/,Maklon Jakarta Terbaik ? Pabrik Skincare Berstandar CPKB,Cari jasa maklon skincare di Jakarta? Dreamlab hadir sebagai pabrik berstandar CPKB yang siap membantu brand kamu,Pabrik Skincare Jakarta Berstandar CPKB,https://dreamlab.id/maklon-jakarta-terbaik/,1093,10,https://dreamlab.id/wp-content/uploads/2025/09/close-up-empty-seats-row-scaled.jpg
https://dreamlab.id/contoh-kalimat-iklan-kosmetik-unik/,/contoh-kalimat-iklan-kosmetik-unik/,Kalimat Iklan Kosmetik Unik & Menarik ? Contoh Copywriting,Bingung bikin iklan kosmetik? Temukan contoh kalimat iklan kosmetik yang unik dan menarik perhatian.,Contoh Kalimat Iklan Kosmetik yang Unik dan Menarik Perhatian,https://dreamlab.id/contoh-kalimat-iklan-kosmetik-unik/,920,11,https://dreamlab.id/wp-content/uploads/2025/09/creme-containers-yellow-background-scaled.jpg
https://dreamlab.id/affiliate-kol-brand-skincare/,/affiliate-kol-brand-skincare/,Affiliate dan KOL untuk Brand skincare? - Dreamlab,Optimalkan brand skincare kamu dengan affiliate marketing & kol beauty. Pelajari cara kerjanya dan tips suksesnya di sini!,Affiliate dan KOL untuk Brand skincare,https://dreamlab.id/affiliate-kol-brand-skincare/,1172,11,https://dreamlab.id/wp-content/uploads/2025/09/notebook-with-toolls-notes-about-affiliate-marketing-concept-scaled.jpg
https://dreamlab.id/maklon-hair-treatment-salon-premium/,/maklon-hair-treatment-salon-premium/,Maklon Hair Treatment Salon: Produksi Mudah & MOQ Rendah,"Ingin punya brand haircare eksklusif di salonmu? Dreamlab tawarkan jasa maklon hair treatment dengan formula juara, BPOM, & MOQ rendah.",Maklon Hair Treatment Untuk Tingkatkan Layanan Salon,https://dreamlab.id/maklon-hair-treatment-salon-premium/,918,11,https://dreamlab.id/wp-content/uploads/2025/12/27179.webp
https://dreamlab.id/maklon-skincare-nad-plus-anti-aging/,/maklon-skincare-nad-plus-anti-aging/,Tren Skincare NAD+ 2026 Untuk Brand Anda,Ingin punya brand skincare anti-aging viral? Manfaatkan teknologi NAD+ untuk regenerasi sel. Simak peluang bisnis maklon skincare NAD+,Maklon Skincare NAD+ 2026 Inovasi Anti-Aging untuk Brand Anda,https://dreamlab.id/maklon-skincare-nad-plus-anti-aging/,729,11,https://dreamlab.id/wp-content/uploads/2025/12/2149369960-1.webp
https://dreamlab.id/pabrik-skincare-aceh-bpom-terlengkap/,/pabrik-skincare-aceh-bpom-terlengkap/,Pabrik Skincare Aceh BPOM Terlengkap OEM & ODM,"Cari pabrik skincare Aceh BPOM terlengkap? Dreamlab hadir dengan jasa maklon OEM/ODM, formula juara (NAD+), jaminan Halal MU",Pabrik Skincare Aceh BPOM Solusi Untuk Brand Terbaikmu,https://dreamlab.id/pabrik-skincare-aceh-bpom-terlengkap/,756,11,https://dreamlab.id/wp-content/uploads/2025/12/jars-with-cosmetic-cream-1-1-scaled.webp
https://dreamlab.id/tips-membuat-konten-viral/,/tips-membuat-konten-viral/,Tips & Strategi Terbaru untuk 2025,"Pelajari strategi membuat konten brand yang mudah viral: hook kuat, tren, konten visual, influencer, dan Influencer",Cara Virality untuk Konten Brand,https://dreamlab.id/tips-membuat-konten-viral/,1200,11,https://dreamlab.id/wp-content/uploads/2025/09/young-asian-women-showing-clothes-sale-online-social-with-smartphone-customers-from-home-network-technology-concept-scaled.jpg
https://dreamlab.id/maklon-body-whitening-formula-juara/,/maklon-body-whitening-formula-juara/,Maklon Body Whitening: Formula Rahasia & Bahan Aktif Juara,Ingin tahu formula body whitening yang sukses? Pelajari rahasia Niacinamide & Glutathione untuk produk cepat putih.,Maklon Body Whitening Dengan Formula Juara,https://dreamlab.id/maklon-body-whitening-formula-juara/,1070,11,https://dreamlab.id/wp-content/uploads/2025/09/beautiful-girl-sitting-bed-with-beauty-products-scaled.jpg
https://dreamlab.id/maklon-body-lotion-dupe-highend/,/maklon-body-lotion-dupe-highend/,Maklon Dupe Body Lotion: Wujudkan Brand High-End,Ingin tahu cara membuat brand dupe body lotion viral? Pelajari 5 inspirasi produk high-end dari Eropa & Korea.,Tren Body Lotion Viral: Peluang Bisnis Dupe dengan Kualitas Premium,https://dreamlab.id/maklon-body-lotion-dupe-highend/,882,11,https://dreamlab.id/wp-content/uploads/2025/09/woman-doing-her-selfcare-ritual-scaled.jpg
https://dreamlab.id/category/maklon-parfum/,/category/maklon-parfum/,Maklon Parfum untuk Bisnis Produksi Mudah,Mulai bisnis parfum sendiri bareng Dreamlab! Layanan maklon parfum profesional dengan formula premium dan proses cepat. Wujudkan Brand Parfummu,Maklon Parfum,https://dreamlab.id/category/maklon-parfum/,838,46,https://dreamlab.id/wp-content/uploads/2026/04/cropped-Logo-Dreamlab-Maklon-Kosmetik-.png
https://dreamlab.id/atur-kosmetik-halal-dreamlab/,/atur-kosmetik-halal-dreamlab/,Dreamlab Maklon Kosmetik Halal 2026,"Mulai 2026, produk kosmetik wajib bersertifikat halal. Dreamlab siap bantu brand Anda membuat produk halal dan taat aturan sejak awal.",Aturan Baru 2026 Semua Kosmetik di Indonesia Wajib Halal,https://dreamlab.id/atur-kosmetik-halal-dreamlab/,1123,11,https://dreamlab.id/wp-content/uploads/2025/09/Grafis-Artikel-WEB-Dreamlab.png
https://dreamlab.id/maklon-parfum-anak-custom-aroma/,/maklon-parfum-anak-custom-aroma/,Buat Brand Parfum Anak Custom Aroma BPOM,"Ingin membuat parfum anak yang aman, lembut, dan BPOM? Dreamlab menyediakan layanan maklon parfum anak custom aroma",Maklon Parfum Anak Custom Aroma BPOM,https://dreamlab.id/maklon-parfum-anak-custom-aroma/,886,11,https://dreamlab.id/wp-content/uploads/2025/11/24818-1.jpg
https://dreamlab.id/alat-pengencang-wajah/,/alat-pengencang-wajah/,5 Alat Pengencang Wajah Yang Wajib Punya,Cari alat pengencang wajah yang efektif? Pelajari rekomendasi alat produk pengencang wajah yang wajib kamu checkout,5 Rekomendasi Alat Pengencang Wajah,https://dreamlab.id/alat-pengencang-wajah/,881,10,https://dreamlab.id/wp-content/uploads/2025/11/11811340-1.jpg
https://dreamlab.id/maklon-face-mist/,/maklon-face-mist/,Mulailah bisnis sukses dengan maklon face mist serum - Dreamlab,Face Mist Serum adalah inovasi baru dalam maklon face mist serum dengan formula ringan dan efektif. Hasilnya memberikan glow pada kulit,Mulailah bisnis sukses dengan maklon face mist serum,https://dreamlab.id/maklon-face-mist/,1605,11,https://dreamlab.id/wp-content/uploads/2025/11/woman-smiling-while-applying-hydrating-skincare-mist-with-dewy-glowing-skin-1-scaled.jpg
https://dreamlab.id/maklon-cream-anti-aging/,/maklon-cream-anti-aging/,Maklon Cream Anti-Aging | Bikin Produk Awet Muda,Ingin punya produk cream anti-aging dengan formula premium? Dreamlab menyediakan layanan maklon skincare anti-aging,Maklon Cream Anti-Aging  Solusi Bikin Produk Awet Muda,https://dreamlab.id/maklon-cream-anti-aging/,675,11,https://dreamlab.id/wp-content/uploads/2025/11/2148761429-1.jpg
https://dreamlab.id/ide-bisnis-gen-z/,/ide-bisnis-gen-z/,5 Ide Bisnis Kreatif untuk Gen Z yang Potensial,"Gen Z bisa jadi brandpreneur! Intip 5 ide bisnis kreatif dengan peluang besar & tips praktis memulainya, cocok buat pemula.",5 Ide Bisnis Kreatif untuk pasar Gen Z yang Siap Jadi Cuan,https://dreamlab.id/ide-bisnis-gen-z/,716,11,https://dreamlab.id/wp-content/uploads/2025/11/37110.jpg
https://dreamlab.id/cysteamine-alternatif-hydroquinone/,/cysteamine-alternatif-hydroquinone/,Cysteamine Pengganti Hydroquinone hiperpigmentasi,"Cysteamine untuk flek hitam dan melasma: ketahui cara kerja, manfaat, efek samping, dan cara pakai yang aman.",Cysteamine Pencerah Kulit Alternatif Hydroquinone,https://dreamlab.id/cysteamine-alternatif-hydroquinone/,669,11,https://dreamlab.id/wp-content/uploads/2025/11/88521-1.jpg
https://dreamlab.id/manfaat-panthenol-untuk-wajah-kering/,/manfaat-panthenol-untuk-wajah-kering/,5 Manfaat Panthenol Untuk Kulit,"Panthenol adalah bahan skincare yang efektif untuk kulit kering & sensitif. Pelajari manfaatnya, cara pakai",5 Manfaat Panthenol Untuk Wajah Kering,https://dreamlab.id/manfaat-panthenol-untuk-wajah-kering/,561,10,https://dreamlab.id/wp-content/uploads/2025/11/11705-1.jpg
https://dreamlab.id/set-skincare-bpom/,/set-skincare-bpom/,Mulai Bisnis Skincare BPOM MOQ 100,"Mulai bisnis skincare dengan modal minim & MOQ fleksibel 100 pcs! Dapatkan 5 set skincare lengkap, formula RnD Dreamlab, dan gratis BPOM.",Mulai Bisnis Set Skincare MOQ Fleksibel,https://dreamlab.id/set-skincare-bpom/,540,9,https://dreamlab.id/wp-content/uploads/2025/11/Screenshot-2025-11-10-at-16.13.40.png
https://dreamlab.id/hero-ingredients-2025/,/hero-ingredients-2025/,"Hero Ingredients 2025: Peptide+, Niacinamide & Postbioti",Bahas bahan aktif skincare terbaru yang jadi primadona di 2025 dan bagaimana Dreamlab mengembangkan formulanya.,"Hero Ingredients 2025: Peptide+, Niacinamide 2.0 & Postbiotic",https://dreamlab.id/hero-ingredients-2025/,982,11,https://dreamlab.id/wp-content/uploads/2025/10/cosmetic-skin-care-products-anti-aging-procedures-beauty-salon-scaled.jpg
https://dreamlab.id/rahasia-kulit-glowing-devina-karamoy/,/rahasia-kulit-glowing-devina-karamoy/,Rahasial Kulit Glowing Ala Devina Caramoy,Ikuti skincare rutin ala devina karamoy. 3 produk body care premium dari Dreamlab Indonesia yang bisa kamu maklon sendiri!,Rahasia Kulit Glowing Ala Devina Karamoy,https://dreamlab.id/rahasia-kulit-glowing-devina-karamoy/,1367,10,https://dreamlab.id/wp-content/uploads/2025/10/Cemburuan-Davina-Karamoy-Tak-Mau-Menikah-dengan-Aktor.webp
https://dreamlab.id/pabrik-parfum-malang-dreamlab/,/pabrik-parfum-malang-dreamlab/,Pabrik Parfum Malang Custom Aroma Berlegalitas BPOM,"Cari pabrik parfum Malang? Dreamlab tawarkan layanan maklon parfum lengkap: 100++ aroma, custom wangi eksklusif, izin BPOM",Pabrik Parfum di Malang Jawa Timur: Wujudkan Brand Parfum Estetik dengan Kualitas Global,https://dreamlab.id/pabrik-parfum-malang-dreamlab/,673,11,https://dreamlab.id/wp-content/uploads/2026/02/Dreamlab-Maklon-Parfum.png
https://dreamlab.id/pabrik-parfum-surabaya/,/pabrik-parfum-surabaya/,Pabrik Parfum Surabaya terbaik Solusi Brand Parfummu,Pabrik Parfum Surabaya dengan MOQ fleksibel jadi solusi terbaik untuk pemula. Mulai brand parfummu dengan formulasi profesional dan legalitas,Pabrik Parfum Surabaya Solusi Bisnis Untuk Pemula,https://dreamlab.id/pabrik-parfum-surabaya/,674,11,https://dreamlab.id/wp-content/uploads/2025/11/604-1.jpg
https://dreamlab.id/maklon-facial-wash-gentle/,/maklon-facial-wash-gentle/,4 Ingredient Wajib di Gentle Facial Wash untuk Kulit Sensitif,"Maklon facial wash gentle dengan formula aman untuk kulit sensitif. Dreamlab bantu dari R&D, desain, legalitas.",4 Ingredient Wajib di Gentle Facial Wash,https://dreamlab.id/maklon-facial-wash-gentle/,846,10,https://dreamlab.id/wp-content/uploads/2025/11/Maklon-facialwash-gentle.jpg
https://dreamlab.id/inspirasi-parfum-lokal-aroma-teh/,/inspirasi-parfum-lokal-aroma-teh/,inspirasi Parfum Lokal Aroma Teh: Rahasia Sukses Brand Parfum,Mau sukses seperti brand parfum lokal HMNS atau Saff & Co? Temukan inspirasi parfum lokal aroma teh di sini. Maklon di Dreamla,5 Inspirasi Parfum Aroma Teh dengan Kesan ?Quiet Luxury?,https://dreamlab.id/inspirasi-parfum-lokal-aroma-teh/,696,14,https://dreamlab.id/wp-content/uploads/2025/12/542131.webp
https://dreamlab.id/category/dreampreneur-beauty-academy/,/category/dreampreneur-beauty-academy/,Dreampreneur Beauty Academy Archives - Dreamlab,,Dreampreneur Beauty Academy,https://dreamlab.id/category/dreampreneur-beauty-academy/,114,8,https://dreamlab.id/wp-content/uploads/2026/04/cropped-Logo-Dreamlab-Maklon-Kosmetik-.png
https://dreamlab.id/perbedaan-micellar-water-dan-toner/,/perbedaan-micellar-water-dan-toner/,Temukan Perbedaan Micellar Water dan Toner,Ketahui perbedaan micellar water dan toner. Dreamlab Ma siap bantu kamu buat produk juara sesuai tren pasar.,Perbedaan micellar water dan toner,https://dreamlab.id/perbedaan-micellar-water-dan-toner/,972,11,https://dreamlab.id/wp-content/uploads/2025/10/5937707-scaled.jpg
https://dreamlab.id/rekomendasi-sunscreen-lokal/,/rekomendasi-sunscreen-lokal/,4 Rekomendasi Sunscreen Lokal | Maklon Sunscreen Dreamlab,5 rekomendasi sunscreen lokal & cara pakainya. Siap punya brand sendiri?. Maklon sunscreen dan maklon kosmetik di Dreamlab.,4 Rekomendasi Sunscreen Lokal,https://dreamlab.id/rekomendasi-sunscreen-lokal/,907,12,https://dreamlab.id/wp-content/uploads/2025/10/d6bbe89f-24dc-4d93-9188-5819a6d77052-scaled.jpg
https://dreamlab.id/biaya-maklon-parfum-moq-kecil/,/biaya-maklon-parfum-moq-kecil/,Buat Brand Parfum Sendiri Rincian Biaya & Syaratnya - Dreamlab,,Buat Brand Parfum Sendiri Rincian Biaya & Syaratnya,https://dreamlab.id/biaya-maklon-parfum-moq-kecil/,591,11,https://dreamlab.id/wp-content/uploads/2026/01/803584-1.webp
https://dreamlab.id/cara-membuat-masker-wajah-organik/,/cara-membuat-masker-wajah-organik/,Cara Membuat Masker Wajah Organik: Praktis & Aman,"Pelajari cara membuat masker wajah organik yang praktis, aman, dan cocok untuk semua jenis kulit. Resep alami untuk hasil maksimal",Cara Membuat Masker Wajah Organik: Praktis & Aman untuk Bisnis,https://dreamlab.id/cara-membuat-masker-wajah-organik/,396,9,https://dreamlab.id/wp-content/uploads/2025/08/high-angle-view-coffee-cup-table-scaled.jpg
https://dreamlab.id/maklon-parfum-makassar/,/maklon-parfum-makassar/,Tempat Produksi Parfum untuk Brandmu di Makassar,"Dreamlab adalah tempat produksi parfum premium untuk brand Makassar. Buat parfum custom aroma, packaging elegan, BPOM",Tempat Produksi Parfum untuk Brandmu di Makassar,https://dreamlab.id/maklon-parfum-makassar/,708,11,https://dreamlab.id/wp-content/uploads/2025/12/145231-1.jpg
https://dreamlab.id/sunscreen-spf-yang-cocok-untuk-kegiatan/,/sunscreen-spf-yang-cocok-untuk-kegiatan/,Rekomendasi Sunscreen SPF yang Cocok Sehari-hari,Temukan sunscreen SPF yang cocok untuk kegiatan sehari-hari. Produksi mulai dari 300 pcs dengan BPOM & Halal-ready.,Sunscreen SPF yang Cocok untuk Kegiatan Sehari-hari,https://dreamlab.id/sunscreen-spf-yang-cocok-untuk-kegiatan/,904,11,https://dreamlab.id/wp-content/uploads/2025/10/Screenshot-2025-10-24-at-16.11.04.png
https://dreamlab.id/maklon-parfum-dreamlab/,/maklon-parfum-dreamlab/,Pabrik Maklon Parfum Expert di Jawa Timur Dreamlab -,"Mulai bisnis parfum lebih mudah dengan Dreamlab, pabrik maklon parfum di Jawa Timur yang berstandar BPOM & Halal.",Pabrik Maklon Parfum Expert di Jawa Timur Dreamlab,https://dreamlab.id/maklon-parfum-dreamlab/,584,10,https://dreamlab.id/wp-content/uploads/2025/09/aromatic-perfume-bottles-background-scaled.jpg
https://dreamlab.id/jasa-maklon-parfum-moq-rendah/,/jasa-maklon-parfum-moq-rendah/,Maklon Parfum MOQ Low Custom Aroma & Free BPOM Legalitas,"Cari jasa maklon parfum MOQ fleksibel? Dreamlab tawarkan custom aroma premium, free BPOM, & legalitas lengkap. Yuk bangun brand parfummu.",Mau Punya Brand Parfum Viral? Maklon Parfum di Dreamlab Jawabannya!,https://dreamlab.id/jasa-maklon-parfum-moq-rendah/,534,11,https://dreamlab.id/wp-content/uploads/2026/01/2150254643-1.webp
https://dreamlab.id/category/maklon-skincare/page/2/,/category/maklon-skincare/page/2/,Maklon Skincare Terbaik di Indonesia,"Dreamlab menyediakan layanan maklon skincare premium dengan formulasi aman, kualitas tinggi, dan proses produksi cepat untuk brand kosmetikmu",Maklon Skincare,https://dreamlab.id/category/maklon-skincare/page/2/,153,10,https://dreamlab.id/wp-content/uploads/2026/04/cropped-Logo-Dreamlab-Maklon-Kosmetik-.png
https://dreamlab.id/news-blog/page/4/,/news-blog/page/4/,Dreamlab Maklon Kosmetik & Berita Kecantikan,"Maklon kosmetik untuk skincare, bodycare, haircare & parfum dengan sertifikasi BPOM dan halal, hasil premium berstandar pabrik.",News & Blog,https://dreamlab.id/news-blog/page/4/,821,46,https://dreamlab.id/wp-content/uploads/2025/10/FEED-DREAMLAB-12-1.jpg
https://dreamlab.id/news-blog/page/5/,/news-blog/page/5/,Dreamlab Maklon Kosmetik & Berita Kecantikan,"Maklon kosmetik untuk skincare, bodycare, haircare & parfum dengan sertifikasi BPOM dan halal, hasil premium berstandar pabrik.",News & Blog,https://dreamlab.id/news-blog/page/5/,844,46,https://dreamlab.id/wp-content/uploads/2025/10/FEED-DREAMLAB-12-1.jpg
https://dreamlab.id/author/admin/page/4/,/author/admin/page/4/,Ide dan Tren Bisnis Kecantikan,"Baca artikel dan panduan bisnis kosmetik dari Dreamlab. Temukan insight, tren, dan strategi membangun brand skincare yang sukses",Posts by Dreamlab Maklon Kosmetik,https://dreamlab.id/author/admin/page/4/,823,46,https://secure.gravatar.com/avatar/947de14ff519f77295fcd34dd78fe7a851b7c41115e46f1295f00749d4a3a8dc?s=500&d=mm&r=g
https://dreamlab.id/tips-membuat-hand-sanitizer-bisnis/,/tips-membuat-hand-sanitizer-bisnis/,5 Cara Praktis Membuat Hand Sanitizer Aman,Temukan 5 tips membuat hand sanitizer efektif dan aman. Cocok untuk ide bisnis personal care yang laris di market,Cara Mudah & Aman Membuat Hand Sanitizer Sendiri di Rumah,https://dreamlab.id/tips-membuat-hand-sanitizer-bisnis/,407,9,https://dreamlab.id/wp-content/uploads/2025/08/24459-scaled.jpg
https://dreamlab.id/cara-branding-bisnis-kosmetik/,/cara-branding-bisnis-kosmetik/,Strategi Branding Bisnis Kosmetik agar Cepat Melejit,Ingin brand kosmetikmu dikenal luas? Simak tips dan strategi agar branding bisnis kosmetikmu cepat melejit.,Cara Membangun Branding Bisnis Kosmetik yang Kuat,https://dreamlab.id/cara-branding-bisnis-kosmetik/,699,10,https://dreamlab.id/wp-content/uploads/2025/08/notebook-with-toolls-notes-about-brand-scaled.jpg
https://dreamlab.id/industri-kosmetik-indonesia-terus-tumbuh/,/industri-kosmetik-indonesia-terus-tumbuh/,Industri Kosmetik Indonesia Naik Daun,"Temukan fakta terbaru pertumbuhan industri kosmetik di Indonesia 2025, tren produk populer, dan peluang besar bersama Dreamlab",Industri Kosmetik di Indonesia Terus Tumbuh,https://dreamlab.id/industri-kosmetik-indonesia-terus-tumbuh/,500,10,https://dreamlab.id/wp-content/uploads/2025/08/Screenshot-2025-08-11-at-07.03.21-1024x693.png
https://dreamlab.id/author/admin/page/5/,/author/admin/page/5/,Ide dan Tren Bisnis Kecantikan,"Baca artikel dan panduan bisnis kosmetik dari Dreamlab. Temukan insight, tren, dan strategi membangun brand skincare yang sukses",Posts by Dreamlab Maklon Kosmetik,https://dreamlab.id/author/admin/page/5/,846,46,https://secure.gravatar.com/avatar/947de14ff519f77295fcd34dd78fe7a851b7c41115e46f1295f00749d4a3a8dc?s=500&d=mm&r=g
https://dreamlab.id/tren-memulai-bisnis-skincare-2025/,/tren-memulai-bisnis-skincare-2025/,Tren Bisnis Skincare 2025: Modal & Strategi - Dreamlab,"Temukan tren bisnis skincare 2025, besarnya peluang pasar, modal yang dibutuhkan, dan strategi membangun brand skincare sukses.",Strategi Memulai Bisnis Skincare untuk Pemula,https://dreamlab.id/tren-memulai-bisnis-skincare-2025/,767,8,https://dreamlab.id/wp-content/uploads/2025/07/Skincare-Product-Display-Mockup-PSD-Template-09-scaled.jpg
https://dreamlab.id/strategi-brand-viral-tiktok/,/strategi-brand-viral-tiktok/,3 Strategi Bangun Brand Viral di TikTok Shop,"Langkah-langkah membangun brand skincare viral di 2025 menggunakan strategi TikTok, storytelling, dan kolaborasi dengan Dreamlab.",Strategi Bangun Brand Skincare Viral di TikTok Shop,https://dreamlab.id/strategi-brand-viral-tiktok/,951,10,https://dreamlab.id/wp-content/uploads/2025/10/beauty-care-age-hand-skin-products-elderly-lady-applying-expensive-cosmetics-scaled.jpg
https://dreamlab.id/news-blog/page/7/,/news-blog/page/7/,Dreamlab Maklon Kosmetik & Berita Kecantikan,"Maklon kosmetik untuk skincare, bodycare, haircare & parfum dengan sertifikasi BPOM dan halal, hasil premium berstandar pabrik.",News & Blog,https://dreamlab.id/news-blog/page/7/,806,45,https://dreamlab.id/wp-content/uploads/2025/10/FEED-DREAMLAB-12-1.jpg
https://dreamlab.id/news-blog/page/6/,/news-blog/page/6/,Dreamlab Maklon Kosmetik & Berita Kecantikan,"Maklon kosmetik untuk skincare, bodycare, haircare & parfum dengan sertifikasi BPOM dan halal, hasil premium berstandar pabrik.",News & Blog,https://dreamlab.id/news-blog/page/6/,823,45,https://dreamlab.id/wp-content/uploads/2025/10/FEED-DREAMLAB-12-1.jpg
https://dreamlab.id/produk-viral-tiktok/,/produk-viral-tiktok/,Produk Viral TikTok Jadi Nyata di Lab,Temukan proses lengkap bagaimana ide viral di media sosial diubah menjadi produk nyata melalui layanan maklon Dreamlab.,Dari TikTok ke Laboratorium Bagaimana Produk Viral Jadi Nyata,https://dreamlab.id/produk-viral-tiktok/,1086,10,https://dreamlab.id/wp-content/uploads/2025/10/organic-cosmetic-product-with-dreamy-aesthetic-fresh-background-scaled.jpg
https://dreamlab.id/produk-whitening-branding-claim/,/produk-whitening-branding-claim/,Strategi Branding Produk Whitening 2025,Dapatkan pemahaman mendalam kenapa klaim whitening / brightening menjadi strategi branding paling efektif di Indonesia,Produk Whitening Masih Menguasai Tren Skincare di 2025,https://dreamlab.id/produk-whitening-branding-claim/,1309,10,https://dreamlab.id/wp-content/uploads/2025/09/close-up-body-butter-recipient-scaled.jpg
https://dreamlab.id/author/admin/page/6/,/author/admin/page/6/,Ide dan Tren Bisnis Kecantikan,"Baca artikel dan panduan bisnis kosmetik dari Dreamlab. Temukan insight, tren, dan strategi membangun brand skincare yang sukses",Posts by Dreamlab Maklon Kosmetik,https://dreamlab.id/author/admin/page/6/,825,46,https://secure.gravatar.com/avatar/947de14ff519f77295fcd34dd78fe7a851b7c41115e46f1295f00749d4a3a8dc?s=500&d=mm&r=g
https://dreamlab.id/author/admin/page/7/,/author/admin/page/7/,Ide dan Tren Bisnis Kecantikan,"Baca artikel dan panduan bisnis kosmetik dari Dreamlab. Temukan insight, tren, dan strategi membangun brand skincare yang sukses",Posts by Dreamlab Maklon Kosmetik,https://dreamlab.id/author/admin/page/7/,808,45,https://secure.gravatar.com/avatar/947de14ff519f77295fcd34dd78fe7a851b7c41115e46f1295f00749d4a3a8dc?s=500&d=mm&r=g
https://dreamlab.id/optimasi-penjualan-tiktok-shop/,/optimasi-penjualan-tiktok-shop/,Optimasi Penjualan TikTok Shop ? Fitur Promosi,"Pelajari cara mengoptimalkan penjualan di TikTok Shop dengan fitur promosi. Gunakan analisis kompetitor, tools optimasi",Cara Mengoptimalkan Penjualan di TikTok Shop dengan Fitur Promosi,https://dreamlab.id/optimasi-penjualan-tiktok-shop/,1454,11,https://dreamlab.id/wp-content/uploads/2025/09/businessman-with-online-marketing-scaled.jpg
https://dreamlab.id/tren-brand-kosmetik-lokal-2025/,/tren-brand-kosmetik-lokal-2025/,"2025, Tahun Emas Brand Kosmetik Lokal","Pelajari tren dan perubahan besar dalam industri kosmetik Indonesia tahun 2025, dari kemasan ramah lingkungan, personalisasi produk.",2025 Jadi Tahunnya Brand Kosmetik Lokal: Tren yang Harus Kamu Ikuti,https://dreamlab.id/tren-brand-kosmetik-lokal-2025/,999,11,https://dreamlab.id/wp-content/uploads/2025/10/arrangement-with-plastic-white-containers-scaled.jpg
https://dreamlab.id/maklon-produk-man-care/,/maklon-produk-man-care/,"Dreamlab Maklon Man Care: Trends, Produk Pria","Pahami tren man care di Indonesia, produk potensial, dan berapa MOQ yang sesuai. Dreamlab siap bantu kamu produksi man care.","Produk Man Care: Peluang, Tren Marketplace & Panduan Dreamlab",https://dreamlab.id/maklon-produk-man-care/,1106,11,https://dreamlab.id/wp-content/uploads/2025/09/top-view-male-self-care-items-scaled.jpg
https://dreamlab.id/maklon-haircare/,/maklon-haircare/,Maklin Haircare terbaik,"Dreamlab adalah maklon terbaik di indonesia yang bisa menjadi partner bisnis kamu. Maklon produk personal care,",MILIKI BRAND HAIRCARE SENDIRI,https://dreamlab.id/maklon-haircare/,158,0,https://dreamlab.id/wp-content/uploads/2026/04/cropped-Logo-Dreamlab-Maklon-Kosmetik-.png
https://dreamlab.id/maklon-bodycare-dreamlab-moq-fleksibel/,/maklon-bodycare-dreamlab-moq-fleksibel/,Dreamlab Maklon Body Care Halal & Mudah,Maklon BodyCare Halal & Mudah ? Dreamlab: MOQ Fleksibel & One?Stop Service,Maklon Body Care dengan MOQ Fleksibel untuk Pemula,https://dreamlab.id/maklon-bodycare-dreamlab-moq-fleksibel/,1279,11,https://dreamlab.id/wp-content/uploads/2025/09/woman-holding-different-lotions-scaled.jpg
https://dreamlab.id/parfum-balm-vs-parfum-oil/,/parfum-balm-vs-parfum-oil/,Apa Perbedaan Parfum Balm dan Parfum Oil,"Kenali perbedaan parfum balm dan parfum oil, dua varian parfum natural yang bisa kamu maklon bersama Dreamlab. Yuk Konsultasi Sekarang!",Parfum Balm vs Parfum Oil: Pilihan Parfum Kekinian Tanpa Alkohol,https://dreamlab.id/parfum-balm-vs-parfum-oil/,1125,11,https://dreamlab.id/wp-content/uploads/2025/10/woman-using-medicine-help-with-rosacea-skin-condition-scaled.jpg
https://dreamlab.id/maklon-bodymist/,/maklon-bodymist/,Cara Memulai Brand Body Mist dari Nol - Dreamlab,,Cara Memulai Brand Body Mist dari Nol,https://dreamlab.id/maklon-bodymist/,844,9,https://dreamlab.id/wp-content/uploads/2025/11/14568443-1.jpg
https://dreamlab.id/parfum-arab-ide-bisnis-2026/,/parfum-arab-ide-bisnis-2026/,Parfum Arab Jadi Ide Bisnis Menguntungkan,Mulai bisnis parfum arab hanya 20 juta! Gratis BPOM & formula eksklusif dari tim perfumery Dreamlab. Ciptakan aroma arab mewah untuk brandmu,Parfum Arab Ide Bisnis Menguntungkan yang Bisa Kamu Mulai Sekarang,https://dreamlab.id/parfum-arab-ide-bisnis-2026/,611,10,https://dreamlab.id/wp-content/uploads/2025/11/7606.jpg
https://dreamlab.id/jenis-alkohol-dalam-parfum/,/jenis-alkohol-dalam-parfum/,5 Jenis Alkohol yang Digunakan pada Parfum,"Kenali 5 jenis alkohol yang digunakan pada parfum dan fungsinya. Pelajari mana yang aman, halal, dan cocok untuk brand parfummu.",Jenis Alkohol Parfum Yang Wajib Kamu Ketahui,https://dreamlab.id/jenis-alkohol-dalam-parfum/,916,11,https://dreamlab.id/wp-content/uploads/2025/11/15309097-2.jpg
https://dreamlab.id/bisnis-perawatan-pria/,/bisnis-perawatan-pria/,Peluang Bisnis Men Grooming: Maklon Produk Perawatan Pria,Bisnis men grooming makin dilirik! Intip cara mudah bikin brand perawatan pria sendiri lewat maklon kosmetik bersama Dreamlab.,Peluang Pasar Produk Penumbuh Jenggot,https://dreamlab.id/bisnis-perawatan-pria/,802,11,https://dreamlab.id/wp-content/uploads/2025/11/2147638135.jpg
https://dreamlab.id/parfum-inspired-peluang-bisnis/,/parfum-inspired-peluang-bisnis/,5 Tren Parfum Inspired dan Peluang Bisnisny,"Ingin memulai bisnis parfum inspired? Pelajari 5 jenis parfum yang sedang tren. Dreamlab siap menjadi mitra maklon dengan ""Juara Formula""",5 Jenis Parfum Inspired yang Sedang Tren dan Peluang Bisnisnya,https://dreamlab.id/parfum-inspired-peluang-bisnis/,1069,16,https://dreamlab.id/wp-content/uploads/2025/09/still-life-cosmetic-products-scaled.jpg
https://dreamlab.id/category/maklon-footcare/,/category/maklon-footcare/,Maklon Footcare Terbaik di Indonesia,Ingin punya produk footcare sendiri? Dreamlab bantu kamu wujudkan brand dengan layanan maklon cepat dan kualitas terbaik. Wujudkan Produk Impianmu,Maklon Footcare,https://dreamlab.id/category/maklon-footcare/,113,8,https://dreamlab.id/wp-content/uploads/2026/04/cropped-Logo-Dreamlab-Maklon-Kosmetik-.png
https://dreamlab.id/category/bisnis-men-grooming/,/category/bisnis-men-grooming/,Bisnis Men Grooming Archives - Dreamlab,,Bisnis Men Grooming,https://dreamlab.id/category/bisnis-men-grooming/,153,10,https://dreamlab.id/wp-content/uploads/2026/04/cropped-Logo-Dreamlab-Maklon-Kosmetik-.png
https://dreamlab.id/category/personal-care/,/category/personal-care/,Maklon Personal Care Produksi Cepat & Berkualitas,"Dreamlab menyediakan layanan maklon personal care berkualitas tinggi. Produksi cepat, formula premium, dan cocok untuk brand kosmetikmu",Personal Care,https://dreamlab.id/category/personal-care/,150,10,https://dreamlab.id/wp-content/uploads/2026/04/cropped-Logo-Dreamlab-Maklon-Kosmetik-.png
https://dreamlab.id/cara-ampuh-memutihkan-ketiak/,/cara-ampuh-memutihkan-ketiak/,Cara Memutihkan Ketiak dalam 1 Minggu,Ikuti langkah- langkah agar ketiak cerah dalam satu minggu. Produk rekomendasi untuk ketiak hitam. Buat Produkmu sekarang!,Cara Memutihkan Ketiak dalam 1 Minggu ? Panduan Efektif & Aman,https://dreamlab.id/cara-ampuh-memutihkan-ketiak/,1531,11,https://dreamlab.id/wp-content/uploads/2025/10/smiling-woman-applying-rollon-deodorant-beige-background-closeup.jpg
https://dreamlab.id/basic-skincare-pria-wajib/,/basic-skincare-pria-wajib/,3 Basic Skincare Pria yang Wajib Kamu Pakai,"Pria juga butuh skincare! Yuk kenali 3 basic skincare penting, urutan penggunaannya, dan peluang besar dalam produk skincare pria.",3 Basic Skincare Pria yang Wajib Kamu Pakai,https://dreamlab.id/basic-skincare-pria-wajib/,575,10,https://dreamlab.id/wp-content/uploads/2025/11/2148696708-1.jpg
https://dreamlab.id/maklon-skincare/,/maklon-skincare/,DREAMLAB | Jasa maklon Skincare Free Custom Formula,"Jasa maklon skincare BPOM & Halal: facial wash, toner, serum, moisturizer, sunscreen. Formula custom, MOQ fleksibel Konsultasi gratis",Product Maklon Kosmetik - Home Page,https://dreamlab.id/maklon-skincare/,0,0,
https://dreamlab.id/maklon-skincare/day-night-cream/,/maklon-skincare/day-night-cream/,Jasa Maklon Day Cream & Night Cream BPOM & Halal | Dreamlab,"Jasa maklon day cream & night cream BPOM, CPKB & Halal. Formula custom teruji klinis, MOQ fleksibel. Wujudkan brand cream wajah Anda. Konsultasi gratis!",MAKLON DAY & NIGHT CREAM,https://dreamlab.id/maklon-skincare/day-night-cream/,0,0,
https://dreamlab.id/maklon-skincare/masker-wajah/,/maklon-skincare/masker-wajah/,Jasa Maklon Masker Wajah & Face Mask BPOM Halal | Dreamlab,"Jasa maklon masker wajah / face mask BPOM, CPKB & Halal: sheet mask, clay mask, peel-off & lainnya. Formula custom, MOQ fleksibel. Konsultasi gratis di Dreamlab!",MAKLON FACE MASK,https://dreamlab.id/maklon-skincare/masker-wajah/,0,0,
https://dreamlab.id/maklon-skincare/sunscreen/,/maklon-skincare/sunscreen/,Jasa Maklon Sunscreen BPOM & Halal Terlengkap | Dreamlab,"Jasa maklon sunscreen BPOM, CPKB & Halal: physical, chemical & hybrid, SPF 30-50+. Formula custom, uji SPF, MOQ fleksibel. Konsultasi gratis di Dreamlab!",MAKLON SUNSCREEN,https://dreamlab.id/maklon-skincare/sunscreen/,0,0,
https://dreamlab.id/maklon-skincare/cleansing-series/,/maklon-skincare/cleansing-series/,Jasa Maklon Cleansing Series BPOM & Halal Terlengkap,"Jasa maklon cleansing series BPOM, CPKB & Halal: cleansing oil, balm, micellar water & lainnya. Formula custom, MOQ fleksibel. Konsultasi gratis Dreamlab!",maklon cleansing series,https://dreamlab.id/maklon-skincare/cleansing-series/,0,0,
https://dreamlab.id/maklon-skincare/facial-wash/,/maklon-skincare/facial-wash/,Jasa Maklon Sabun Wajah BPOM dan Halal,"Jasa maklon Sabun wajah BPOM, CPKB & Halal: gentle wash, low-pH, brightening & acne wash. Formula custom, MOQ fleksibel. Konsultasi gratis dengan Dreamlab!",Face Wash Series,https://dreamlab.id/maklon-skincare/facial-wash/,0,0,
https://dreamlab.id/maklon-skincare/facial-toner/,/maklon-skincare/facial-toner/,Jasa Maklon Facial Toner BPOM & Halal | Dreamlab,"Jasa maklon facial toner BPOM, CPKB & Halal: hydrating, exfoliating & brightening toner. Formula custom, MOQ fleksibel. Konsultasi gratis di Dreamlab!",maklon facial toner,https://dreamlab.id/maklon-skincare/facial-toner/,0,0,
https://dreamlab.id/maklon-skincare/serum-wajah/,/maklon-skincare/serum-wajah/,Jasa Maklon Serum Wajah & Facial Serum | Dreamlab,"Jasa maklon serum wajah BPOM, CPKB & Halal: serum vitamin C, niacinamide, retinol & lainnya. Formula custom, MOQ fleksibel. Konsultasi gratis Dreamlab!",Maklon facial Serum,https://dreamlab.id/maklon-skincare/serum-wajah/,0,0,
https://dreamlab.id/maklon-body-care/,/maklon-body-care/,Jasa Maklon Body Care BPOM & Halal Terlengkap | Dreamlab,"Jasa maklon body care BPOM, CPKB & Halal: body butter, scrub, shower gel, massage oil & lainnya. Formula custom, MOQ fleksibel. Konsultasi gratis Dreamlab",MAKLON BODY CARE,https://dreamlab.id/maklon-body-care/,0,0,
https://dreamlab.id/maklon-body-care/massage-oil/,/maklon-body-care/massage-oil/,Jasa Maklon Massage Oil BPOM & Halal | Dreamlab,"Jasa maklon massage oil BPOM, CPKB & Halal: relaxing, aromatherapy & herbal oil. Formula custom, MOQ fleksibel. Konsultasi gratis dengan Dreamlab!",MASSAGES OIL,https://dreamlab.id/maklon-body-care/massage-oil/,0,0,
https://dreamlab.id/maklon-body-care/body-butter/,/maklon-body-care/body-butter/,Jasa Maklon Body Butter BPOM & Halal | Dreamlab,"Jasa maklon body butter BPOM, CPKB & Halal: shea & cocoa butter, whipped & scented. Formula custom, MOQ fleksibel. Konsultasi gratis dengan Dreamlab!",Maklon Body Butter,https://dreamlab.id/maklon-body-care/body-butter/,0,0,
https://dreamlab.id/maklon-body-care/body-scrub/,/maklon-body-care/body-scrub/,Jasa Maklon Body Scrub BPOM & Halal | Dreamlab,"Jasa maklon body scrub BPOM, CPKB & Halal: sugar, salt, coffee & oatmeal scrub. Formula custom, MOQ fleksibel. Konsultasi gratis dengan Dreamlab!",Maklon Body Scrub,https://dreamlab.id/maklon-body-care/body-scrub/,0,0,
https://dreamlab.id/maklon-body-care/sabun-antibakteri/,/maklon-body-care/sabun-antibakteri/,Jasa Maklon Sabun Antibakteri (Anti-Bacterial) | Dreamlab,"Jasa maklon sabun antibakteri (anti-bacterial soap) BPOM & Halal: sabun batang & cair. Formula custom, MOQ fleksibel. Konsultasi gratis Dreamlab!",Maklon Anti-Bacterial Soap,https://dreamlab.id/maklon-body-care/sabun-antibakteri/,0,0,
https://dreamlab.id/maklon-body-care/shower-gel/,/maklon-body-care/shower-gel/,Jasa Maklon Shower Gel & Body Wash BPOM | Dreamlab,"Jasa maklon shower gel & body wash BPOM, CPKB & Halal. Formula custom dengan aroma khas brand Anda, MOQ fleksibel. Konsultasi gratis di Dreamlab",Maklon Shower Gel,https://dreamlab.id/maklon-body-care/shower-gel/,0,0,
https://dreamlab.id/maklon-body-care/bath-salt/,/maklon-body-care/bath-salt/,Jasa Maklon Bath Salt BPOM & Halal | Dreamlab,"Jasa maklon bath salt BPOM & Halal: garam mandi relaksasi, aromatherapy & detox. Formula custom, MOQ fleksibel. Konsultasi gratis dengan Dreamlab!",Maklon Bath Salt,https://dreamlab.id/maklon-body-care/bath-salt/,0,0,
https://dreamlab.id/maklon-body-care/sabun-organik/,/maklon-body-care/sabun-organik/,Jasa Maklon Sabun Organik (Organic Soap) | Dreamlab,"Jasa maklon sabun organik BPOM & Halal: sabun natural, herbal & essential oil. Formula custom, MOQ fleksibel. Konsultasi gratis dengan Dreamlab",Maklon Organic Soap,https://dreamlab.id/maklon-body-care/sabun-organik/,0,0,
https://dreamlab.id/maklon-body-care/body-serum/,/maklon-body-care/body-serum/,Jasa Maklon Body Serum BPOM & Halal | Dreamlab,"Jasa maklon body serum BPOM & Halal: brightening, firming & glowing serum. Formula custom bahan aktif konsentrasi tinggi, MOQ fleksibel. Konsultasi gratis!",Maklon Body Serum,https://dreamlab.id/maklon-body-care/body-serum/,0,0,
https://dreamlab.id/maklon-body-care/sabun-transparan/,/maklon-body-care/sabun-transparan/,Jasa Maklon Sabun Transparan (Transparent Soap) | Dreamlab,"Jasa maklon sabun transparan BPOM & Halal: glycerin, herbal & brightening soap. Formula custom, MOQ fleksibel. Konsultasi gratis dengan Dreamlab",Maklon Transparent Soap,https://dreamlab.id/maklon-body-care/sabun-transparan/,0,0,
https://dreamlab.id/maklon-body-care/sabun-whitening/,/maklon-body-care/sabun-whitening/,Jasa Maklon Sabun Whitening & Pemutih | Dreamlab,"Jasa maklon sabun whitening BPOM & Halal: sabun batang & cair pemutih. Formula custom, MOQ fleksibel. Konsultasi gratis dengan Dreamlab",Maklon Whitening Soap,https://dreamlab.id/maklon-body-care/sabun-whitening/,0,0,
https://dreamlab.id/maklon-body-care/sabun-batang/,/maklon-body-care/sabun-batang/,Jasa Maklon Sabun Batang (Bar Soap) | Dreamlab,"Jasa maklon sabun batang (bar soap) BPOM & Halal: beauty bar, moisturizing & exfoliating. Formula custom, MOQ fleksibel. Konsultasi gratis Dreamlab",Maklon Bar Soap,https://dreamlab.id/maklon-body-care/sabun-batang/,0,0,
https://dreamlab.id/maklon-body-care/massage-cream/,/maklon-body-care/massage-cream/,Jasa Maklon Massage Cream BPOM & Halal | Dreamlab,"Jasa maklon massage cream BPOM & Halal: relaxing, warming & aromatherapy cream. Formula custom, MOQ fleksibel. Konsultasi gratis dengan Dreamlab!",Maklon Massage Cream,https://dreamlab.id/maklon-body-care/massage-cream/,0,0,
https://dreamlab.id/maklon-body-care/soothing-gel/,/maklon-body-care/soothing-gel/,Jasa Maklon Soothing Gel & Aloe Vera Gel | Dreamlab,"Jasa maklon soothing gel BPOM, CPKB & Halal: aloe vera, after-sun & calming gel. Formula custom, MOQ fleksibel. Konsultasi gratis dengan Dreamlab",Maklon Soothing Gel,https://dreamlab.id/maklon-body-care/soothing-gel/,0,0,
https://dreamlab.id/maklon-body-care/neck-cream/,/maklon-body-care/neck-cream/,Jasa Maklon Neck Cream (Krim Leher) | Dreamlab,"Jasa maklon neck cream (krim leher) BPOM & Halal: anti-aging, brightening & firming. Formula custom, MOQ fleksibel. Konsultasi gratis Dreamlab",Maklon Neck Cream,https://dreamlab.id/maklon-body-care/neck-cream/,0,0,
https://dreamlab.id/maklon-baby-care/,/maklon-baby-care/,Jasa Maklon Skincare Bayi  BPOM & Halal Terlengkap | Dreamlab,"Jasa maklon Skincare Bayi BPOM, CPKB & Halal: baby lotion, baby oil, baby wash, baby cologne & lainnya. Formula hypoallergenic, MOQ fleksibel. Konsultasi gratis",Maklon Baby Care,https://dreamlab.id/maklon-baby-care/,0,0,
https://dreamlab.id/maklon-baby-care/baby-2in1-wash/,/maklon-baby-care/baby-2in1-wash/,Jasa Maklon Sabun Bayi BPOM & Halal | Dreamlab,"Jasa maklon sabun bayi baby BPOM & Halal, sabun & sampo bayi hypoallergenic. Formula custom, MOQ fleksibel. Konsultasi gratis Dreamlab",Maklon Baby 2-in-1 Wash,https://dreamlab.id/maklon-baby-care/baby-2in1-wash/,0,0,
https://dreamlab.id/maklon-baby-care/baby-moisturizer/,/maklon-baby-care/baby-moisturizer/,Jasa Maklon Moisturizer Cream bayi BPOM & Halal | Dreamlab,"Jasa maklon moisturizer cream baby BPOM & Halal, pelembap wajah harian. Formula custom, MOQ fleksibel. Konsultasi gratis dengan Dreamlab",Maklon Baby Moisturizer Cream,https://dreamlab.id/maklon-baby-care/baby-moisturizer/,0,0,
https://dreamlab.id/maklon-baby-care/baby-shampoo/,/maklon-baby-care/baby-shampoo/,Jasa Maklon shampoo Bayi BPOM & Halal | Dreamlab,"Jasa maklon sampo bayi BPOM & Halal, pelembap wajah harian. Formula custom, MOQ fleksibel. Konsultasi gratis dengan Dreamlab",Maklon Shampoo Bayi,https://dreamlab.id/maklon-baby-care/baby-shampoo/,0,0,
https://dreamlab.id/maklon-baby-care/baby-cologne/,/maklon-baby-care/baby-cologne/,Jasa Maklon parfum cologne bayi Free Custom Aroma,"Jasa maklon parfum bayi BPOM & Halal, pelembap wajah harian. Formula custom, MOQ fleksibel. Konsultasi gratis dengan Dreamlab",Maklon Parfum Cologne Bayi,https://dreamlab.id/maklon-baby-care/baby-cologne/,0,0,
https://dreamlab.id/maklon-foot-care/,/maklon-foot-care/,Jasa Maklon  Perawatan kaki Terbaik BPOM Terdekat Pabrik  | Dreamlab,"Wujudkan brand perawatan kaki BPOM & Halal, pelembap wajah harian. Formula custom, MOQ fleksibel. Konsultasi gratis dengan Dreamlab",Maklon Perawatan Kaki,https://dreamlab.id/maklon-foot-care/,0,0,
https://dreamlab.id/maklon-foot-care/foot-cream/,/maklon-foot-care/foot-cream/,Jasa Maklon Foot Cream BPOM & Halal | Dreamlab,"Jasa maklon foot cream BPOM & Halal, perawatan tumit kering & pecah. Formula custom, MOQ fleksibel. Konsultasi gratis dengan Dreamlab",Maklon Foot Cream,https://dreamlab.id/maklon-foot-care/foot-cream/,0,0,
https://dreamlab.id/maklon-foot-care/foot-scrub/,/maklon-foot-care/foot-scrub/,Jasa Maklon Foot Scrub BPOM & Halal | Dreamlab,"Jasa maklon foot scrub BPOM & Halal, eksfoliasi & perawatan kaki halus. Formula custom, MOQ fleksibel. Konsultasi gratis dengan Dreamlab!",Maklon Foot Scrub,https://dreamlab.id/maklon-foot-care/foot-scrub/,0,0,
https://dreamlab.id/maklon-foot-care/foot-spray/,/maklon-foot-care/foot-spray/,Jasa Maklon Foot Spray BPOM & Halal | Dreamlab,"Jasa maklon foot spray BPOM & Halal, anti-bau & menyegarkan kaki. Formula custom, MOQ fleksibel. Konsultasi gratis dengan Dreamlab",Maklon Foot Spray,https://dreamlab.id/maklon-foot-care/foot-spray/,0,0,
https://dreamlab.id/maklon-foot-care/foot-soak/,/maklon-foot-care/foot-soak/,Jasa Maklon Foot Soak BPOM & Halal | Dreamlab,"Jasa maklon foot soak BPOM & Halal, rendaman kaki relaksasi. Formula custom, MOQ fleksibel. Konsultasi gratis dengan Dreamlab",Maklon Foot Soak,https://dreamlab.id/maklon-foot-care/foot-soak/,0,0,
https://dreamlab.id/maklon-foot-care/foot-serum/,/maklon-foot-care/foot-serum/,Jasa Maklon Foot Serum BPOM & Halal | Dreamlab,"Jasa maklon foot serum BPOM & Halal, perawatan intensif kaki. Formula custom, MOQ fleksibel. Konsultasi gratis dengan Dreamlab",Maklon Foot Serum,https://dreamlab.id/maklon-foot-care/foot-serum/,0,0,
https://dreamlab.id/maklon-hair-care/,/maklon-hair-care/,Jasa Maklon Haircare BPOM & Halal Terdekat | Dreamlab,"Jasa Haircare BPOM & Halal, perawatan intensif kaki. Formula custom, MOQ fleksibel. Konsultasi gratis dengan Dreamlab",Maklon Haircare,https://dreamlab.id/maklon-hair-care/,0,0,
https://dreamlab.id/maklon-hair-care/shampoo/,/maklon-hair-care/shampoo/,Jasa Maklon Shampoo BPOM & Halal | Dreamlab,"Jasa maklon shampoo BPOM, CPKB & Halal: anti-ketombe, anti-rontok, hair growth & lainnya. Formula custom, MOQ fleksibel. Konsultasi gratis Dreamlab",Maklon Shampoo,https://dreamlab.id/maklon-hair-care/shampoo/,0,0,
https://dreamlab.id/maklon-hair-care/hair-conditioner/,/maklon-hair-care/hair-conditioner/,Jasa Maklon Hair Conditioner BPOM & Halal | Dreamlab,"Jasa maklon hair conditioner BPOM, CPKB & Halal, pelembut & perawatan rambut. Formula custom, MOQ fleksibel. Konsultasi gratis dengan Dreamlab!",Maklon Hair Conditioner,https://dreamlab.id/maklon-hair-care/hair-conditioner/,0,0,
https://dreamlab.id/maklon-hair-care/hair-mask/,/maklon-hair-care/hair-mask/,Jasa Maklon Hair Mask BPOM & Halal | Dreamlab,"Jasa maklon hair mask BPOM, CPKB & Halal, perawatan intensif rambut rusak. Formula custom, MOQ fleksibel. Konsultasi gratis dengan Dreamlab!",Maklon Hair Mask,https://dreamlab.id/maklon-hair-care/hair-mask/,0,0,
https://dreamlab.id/maklon-hair-care/hair-tonic/,/maklon-hair-care/hair-tonic/,Jasa Maklon Hair Tonic BPOM & Halal | Dreamlab,"Jasa maklon hair tonic BPOM, CPKB & Halal, anti-rontok & penyubur rambut. Formula custom, MOQ fleksibel. Konsultasi gratis dengan Dreamlab!",Maklon Hair Tonic,https://dreamlab.id/maklon-hair-care/hair-tonic/,0,0,
https://dreamlab.id/maklon-hair-care/hair-gel/,/maklon-hair-care/hair-gel/,Jasa Maklon Hair Gel BPOM & Halal | Dreamlab,"Jasa maklon hair gel BPOM & Halal, styling rambut tahan lama. Formula custom, MOQ fleksibel. Konsultasi gratis dengan Dreamlab!",Maklon Hair Gel,https://dreamlab.id/maklon-hair-care/hair-gel/,0,0,
https://dreamlab.id/maklon-hair-care/pomade/,/maklon-hair-care/pomade/,Jasa Maklon Pomade BPOM & Halal | Dreamlab,"Jasa maklon pomade BPOM & Halal, water based & oil based. Formula custom, MOQ fleksibel. Konsultasi gratis dengan Dreamlab",Maklon Pomade,https://dreamlab.id/maklon-hair-care/pomade/,0,0,
https://dreamlab.id/maklon-hair-care/scalp-care/,/maklon-hair-care/scalp-care/,Jasa Maklon Scalp Care BPOM & Halal | Dreamlab,"Jasa maklon scalp care BPOM & Halal, perawatan kulit kepala sehat. Formula custom, MOQ fleksibel. Konsultasi gratis dengan Dreamlab",Maklon Scalp Care,https://dreamlab.id/maklon-hair-care/scalp-care/,0,0,
https://dreamlab.id/maklon-hair-care/beard-serum/,/maklon-hair-care/beard-serum/,Jasa Maklon Beard Serum BPOM & Halal | Dreamlab,"Jasa maklon beard serum BPOM & Halal, perawatan & penyubur jenggot. Formula custom, MOQ fleksibel. Konsultasi gratis dengan Dreamlab",Maklon Beard Serum,https://dreamlab.id/maklon-hair-care/beard-serum/,0,0,
https://dreamlab.id/maklon-parfum/,/maklon-parfum/,Maklon Parfum Custom & Private Label,"Dreamlab Adalah pabrik parfum extrait de parfum, body mist, cologne, hingga parfum refill. Produksi di pabrik Halal, CPKB, BPOM.",Maklon Parfum,https://dreamlab.id/maklon-parfum/,0,0,
https://dreamlab.id/maklon-parfum/body-mist/,/maklon-parfum/body-mist/,Jasa Maklon Body Mist Custom Aroma BPOM dan Halal | Dreamlab,"Jasa maklon body mist BPOM & Halal, Formula custom, MOQ fleksibel. Konsultasi gratis dengan Dreamlab",Maklon Body Mist,https://dreamlab.id/maklon-parfum/body-mist/,0,0,
https://dreamlab.id/maklon-parfum/eau-de-cologne/,/maklon-parfum/eau-de-cologne/,Jasa Maklon Eau de Cologne Free Custom Aroma BPOM | Dreamlab,"Jasa maklon eau de cologne BPOM & Halal, parfum cologne aroma segar. Formula custom, MOQ fleksibel. Konsultasi gratis dengan Dreamlab",Maklon Eau de Cologne,https://dreamlab.id/maklon-parfum/eau-de-cologne/,0,0,
https://dreamlab.id/maklon-parfum/eau-de-toilette/,/maklon-parfum/eau-de-toilette/,Jasa Maklon Eau de Toilette (EDT) BPOM Free Custom Aroma | Dreamlab,"Jasa maklon eau de toilette (EDT) BPOM & Halal, parfum tahan menengah. Formula custom, MOQ fleksibel. Konsultasi gratis dengan Dreamlab!",Maklon Eau de Toilette,https://dreamlab.id/maklon-parfum/eau-de-toilette/,0,0,
https://dreamlab.id/maklon-parfum/eau-de-parfum/,/maklon-parfum/eau-de-parfum/,Jasa Maklon Eau de Parfum (EDP) BPOM Free Custom Aroma | Dreamlab,"Jasa maklon eau de parfum (EDP) BPOM & Halal, parfum premium tahan lama. Formula custom, MOQ fleksibel. Konsultasi gratis dengan Dreamlab",Maklon Eau de Parfum,https://dreamlab.id/maklon-parfum/eau-de-parfum/,0,0,
https://dreamlab.id/maklon-parfum/extrait-de-parfum/,/maklon-parfum/extrait-de-parfum/,Jasa Maklon Extrait de Parfum Free Custom MOQ fleksibel | Dreamlab,"Jasa maklon extrait de parfum BPOM & Halal, parfum konsentrasi tertinggi. Formula custom, MOQ fleksibel. Konsultasi gratis dengan Dreamlab!",Maklon Extrait de Parfum,https://dreamlab.id/maklon-parfum/extrait-de-parfum/,0,0,
https://dreamlab.id/maklon-parfum/minyak-atsiri/,/maklon-parfum/minyak-atsiri/,Jasa Maklon Minyak Atsiri (Essential Oil) MOQ fleksibel | Dreamlab,"Jasa maklon minyak atsiri (essential oil) BPOM & Halal, aromaterapi & wellness. Formula custom, MOQ fleksibel. Konsultasi gratis Dreamlab",Maklon Minyak Atsiri,https://dreamlab.id/maklon-parfum/minyak-atsiri/,0,0,
https://dreamlab.id/maklon-decorative/,/maklon-decorative/,Jasa Maklon Decorative Makeup Terbaik BPOM & Halal | Dreamlab,Jasa maklon decorative makeup BPOM & Halal dengan formula custom dan MOQ fleksibel. Konsultasi gratis bersama Dreamlab.,Jasa Maklon Dekorative,https://dreamlab.id/maklon-decorative/,0,0,
https://dreamlab.id/maklon-decorative/lip-care/,/maklon-decorative/lip-care/,Jasa Maklon Lip Care Terbaik BPOM & Halal | Dreamlab,"Jasa maklon lip care BPOM & Halal untuk lip balm, lip serum, lip gloss, dan tinted lip balm. MOQ fleksibel dan konsultasi gratis.",Maklon Lip Care,https://dreamlab.id/maklon-decorative/lip-care/,0,0,
https://dreamlab.id/maklon-decorative/lip-care/lip-cream/,/maklon-decorative/lip-care/lip-cream/,Jasa Maklon Lip Cream BPOM & Halal | Dreamlab,Jasa maklon lip cream BPOM & Halal dengan formula tahan lama dan warna custom. MOQ fleksibel dan konsultasi gratis.,Lip Cream,https://dreamlab.id/maklon-decorative/lip-care/lip-cream/,0,0,
https://dreamlab.id/maklon-decorative/lip-care/lip-serum/,/maklon-decorative/lip-care/lip-serum/,Jasa Maklon Lip Serum BPOM & Halal | Dreamlab,Jasa maklon lip serum BPOM & Halal dengan formula oil based premium. MOQ fleksibel dan konsultasi gratis.,Lip Serum,https://dreamlab.id/maklon-decorative/lip-care/lip-serum/,0,0,
https://dreamlab.id/maklon-decorative/lip-care/lip-balm/,/maklon-decorative/lip-care/lip-balm/,Jasa Maklon Lip Balm BPOM & Halal | Dreamlab,Jasa maklon lip balm BPOM & Halal untuk pelembap bibir harian. Formula custom dan MOQ fleksibel bersama Dreamlab.,Lip Balm,https://dreamlab.id/maklon-decorative/lip-care/lip-balm/,0,0,
https://dreamlab.id/maklon-decorative/lip-care/tinted-lip-balm/,/maklon-decorative/lip-care/tinted-lip-balm/,Jasa Maklon Tinted Lip Balm BPOM & Halal | Dreamlab,Jasa maklon tinted lip balm BPOM & Halal dengan warna natural dan formula custom. MOQ fleksibel dan konsultasi gratis.,Tinted Lip Balm,https://dreamlab.id/maklon-decorative/lip-care/tinted-lip-balm/,0,0,
https://dreamlab.id/maklon-decorative/lip-care/lip-gloss/,/maklon-decorative/lip-care/lip-gloss/,Jasa Maklon Lip Gloss BPOM & Halal | Dreamlab,Jasa maklon lip gloss BPOM & Halal dengan efek glossy dan formula custom. MOQ fleksibel dan konsultasi gratis.,Lip Gloss,https://dreamlab.id/maklon-decorative/lip-care/lip-gloss/,0,0,
https://dreamlab.id/maklon-decorative/lip-care/lip-scrub/,/maklon-decorative/lip-care/lip-scrub/,Jasa Maklon Lip Scrub BPOM & Halal | Dreamlab,Jasa maklon lip scrub BPOM & Halal untuk eksfoliasi bibir halus. Formula custom dan MOQ fleksibel bersama Dreamlab.,Lip Scrub,https://dreamlab.id/maklon-decorative/lip-care/lip-scrub/,0,0,
https://dreamlab.id/maklon-decorative/lip-care/lip-matte/,/maklon-decorative/lip-care/lip-matte/,Jasa Maklon Lip Matte BPOM & Halal | Dreamlab,Jasa maklon lip matte BPOM & Halal dengan hasil transferproof dan nyaman digunakan. MOQ fleksibel dan konsultasi gratis.,Lip Matte,https://dreamlab.id/maklon-decorative/lip-care/lip-matte/,0,0,
https://dreamlab.id/maklon-decorative/lip-care/lip-blush/,/maklon-decorative/lip-care/lip-blush/,Jasa Maklon Lip Blush BPOM & Halal | Dreamlab,Jasa maklon lip blush BPOM & Halal dengan warna natural tahan lama. MOQ fleksibel dan konsultasi gratis.,Lip Blush,https://dreamlab.id/maklon-decorative/lip-care/lip-blush/,0,0,
https://dreamlab.id/maklon-decorative/makeup/,/maklon-decorative/makeup/,Jasa Maklon Makeup BPOM & Halal Terbaik | Dreamlab,"Jasa maklon makeup BPOM & Halal dengan formula custom, warna trendi, dan MOQ fleksibel bersama Dreamlab.",Jasa Maklon Make Up BPOM dan Halal,https://dreamlab.id/maklon-decorative/makeup/,0,0,
https://dreamlab.id/maklon-decorative/makeup/highlighter/,/maklon-decorative/makeup/highlighter/,Jasa Maklon Highlighter BPOM & Halal | Dreamlab,Jasa maklon highlighter BPOM & Halal dengan efek glowing dan formula custom. MOQ fleksibel dan konsultasi gratis.,Jasa Maklon Liquid Highlighter,https://dreamlab.id/maklon-decorative/makeup/highlighter/,0,0,
https://dreamlab.id/maklon-decorative/makeup/mascara/,/maklon-decorative/makeup/mascara/,Jasa Maklon Mascara BPOM & Halal | Dreamlab,Jasa maklon mascara BPOM & Halal dengan formula waterproof dan tahan lama. MOQ fleksibel dan konsultasi gratis.,Mascara,https://dreamlab.id/maklon-decorative/makeup/mascara/,0,0,
https://dreamlab.id/maklon-decorative/makeup/cream-blush/,/maklon-decorative/makeup/cream-blush/,Jasa Maklon Cream Blush BPOM & Halal | Dreamlab,Jasa maklon cream blush BPOM & Halal dengan hasil natural dan formula custom. MOQ fleksibel dan konsultasi gratis.,Cream Blush,https://dreamlab.id/maklon-decorative/makeup/cream-blush/,0,0,
https://dreamlab.id/maklon-decorative/makeup/foundation-serum/,/maklon-decorative/makeup/foundation-serum/,Jasa Maklon Foundation Serum BPOM & Halal | Dreamlab,Jasa maklon foundation serum BPOM & Halal dengan formula hybrid makeup dan skincare. MOQ fleksibel dan konsultasi gratis.,Foundation Serum,https://dreamlab.id/maklon-decorative/makeup/foundation-serum/,0,0,
https://dreamlab.id/maklon-decorative/makeup/liquid-blush/,/maklon-decorative/makeup/liquid-blush/,Jasa Maklon Liquid Blush BPOM & Halal | Dreamlab,Jasa maklon liquid blush BPOM & Halal dengan formula pigmented dan natural. MOQ fleksibel dan konsultasi gratis.,Liquid Blush,https://dreamlab.id/maklon-decorative/makeup/liquid-blush/,0,0,
https://dreamlab.id/maklon-decorative/makeup/eyebrow-gel/,/maklon-decorative/makeup/eyebrow-gel/,Jasa Maklon Eyebrow Gel BPOM & Halal | Dreamlab,Jasa maklon eyebrow gel BPOM & Halal dengan formula custom dan hasil natural. MOQ fleksibel dan konsultasi gratis.,Eyebrow Gel,https://dreamlab.id/maklon-decorative/makeup/eyebrow-gel/,0,0,
https://dreamlab.id/maklon-decorative/makeup/foundation/,/maklon-decorative/makeup/foundation/,Jasa Maklon Foundation BPOM & Halal | Dreamlab,Jasa maklon foundation BPOM & Halal dengan coverage tahan lama dan formula custom. MOQ fleksibel dan konsultasi gratis.,Foundation,https://dreamlab.id/maklon-decorative/makeup/foundation/,0,0,
https://dreamlab.id/maklon-decorative/makeup/bb-cream/,/maklon-decorative/makeup/bb-cream/,Jasa Maklon BB Cream BPOM & Halal | Dreamlab,Jasa maklon BB cream BPOM & Halal dengan formula ringan dan natural. MOQ fleksibel dan konsultasi gratis.,BB Cream,https://dreamlab.id/maklon-decorative/makeup/bb-cream/,0,0,
https://dreamlab.id/maklon-decorative/makeup/face-primer/,/maklon-decorative/makeup/face-primer/,Jasa Maklon Face Primer BPOM & Halal | Dreamlab,Jasa maklon face primer BPOM & Halal dengan hasil flawless dan formula custom. MOQ fleksibel dan konsultasi gratis.,Face Primer,https://dreamlab.id/maklon-decorative/makeup/face-primer/,0,0,
https://dreamlab.id/maklon-pkrt/,/maklon-pkrt/,Jasa Maklon PKRT BPOM & Halal Terlengkap | Dreamlab,"Jasa maklon PKRT BPOM & Halal: hand sanitizer, hand wash, disinfectant, floor cleaner & room spray. Formula custom, MOQ fleksibel. Konsultasi gratis!",MAKLON PKRT,https://dreamlab.id/maklon-pkrt/,0,0,
